Recette,Quantité(s),,Produit(s),Magasin(s),Instructions pour la recette,Pimpage,Apports nutritifs,,,,Aliment,Poids,Apports nutritifs,,,Commentaires,,,,,,,,,,,,,,,Pancakes avec garnitures,,,,Épicierie
Salade de chèvre chaud,50,g,Salade verte,Primeur ou producteur,"Dans un saladier, mélangez l’huile d’olive avec le vinaigre, la moutarde, la gousse d’ail coupée en petits morceaux, le sel et le poivre.

Lavez la salade, la disposer dans le saladier et mélangez. Choisissez votre salade en fonction de la saison (chicorée en automne et en hiver, le cresson et la mâche en automne, en hiver et au printemps, la laitue au printemps et en été).

Faites griller les tranches de pain sur le feu à l'aide d'une grille.

Posez le fromage de chèvre sur une tranche de pain. Versez une goutte d’huile d’olive sur chaque toast. Les placer sur une grille sur le feu pendant 2 minutes.","Dans la salade, vous pouvez rajouter des noix, des amandes ou des mélanges de fruits secs et de noix !",Calories,"470,3415913",kcal,,1 Oignon,150 g,Calories,"58,5",kcal,,"L'ensemble des données de ce tableau proviennent de la base de données de l'ANSES (Agence Nationale de Sécurité Sanitaire) via le site www.ciqual.anses.fr, ou via les sources mises en commentaires.

Les garnitures ne sont pas prises en compte dans le calcul des apports nutritifs, et les fruits locaux, de saison ou abimés, ainsi que les légumes de saison, ne sont pas non plus pris en compte, les apports nutritifs de chacun étant très spécifiques et dépendant donc de ce que vous choisissez.

Les apports nutritifs des jus de fruits frais sont ceux d'un jus d'orange fait-maison, ceux des fruits frais, des brochettes de fruits et des pâtes de fruits sont ceux d'une pomme Golden, ceux du fromage local sont ceux de l'emmental, ceux des haricots blancs ou rouges sont ceux des haricots rouges et ceux des croquettes sont calculés avec du poisson.",,,,,,,,,,,,,,Boules d'énergie,,,,Primeur ou producteur
,50,g,Fromage de chèvre,Fromagerie,,,Protéines,"19,24171528",g,,,,Protéines,"1,65",g,,,,,,,,,,,,,,,,Compote de fruit fait-maison,,,,Fromagerie
,1,tranches,Pain de mie,Boulanger,,,Lipides,"32,69482609",g,,,,Lipides,"0,93",g,,,,,,,,,,,,,,,,Crêpes,,,,Boulangerie
,"0,833333",c. à s. ,Huile d'olive,Épicerie,,,Glucides,"23,3981658",g,,,,Glucides,"9,375",g,,,,,,,,,,,,,,,,Pâte à tartiner fait-maison,,,,Boucherie
,"0,5",c. à s. ,Vinaigre,Épicerie,,,Calcium,"520,607066",mg,,,,Calcium,"37,5",mg,,,,,,,,,,,,,,,,Biscuits et gâteaux,,,,Poissonnerie
,"0,16666667",,Gousses d'ail,Primeur ou producteur,,,Vitamines C,"1,175833276",mg,,,,Vitamines C,"5,85",mg,,,,,,,,,,,,,,,,Fruits frais,,,,
,"0,83333335",c. à c.,Moutarde,Épicerie,,,,,,,1 c. à s. Huile d'olive,15 g,Calories,135,kcal,,,,,,,,,,,,,,,,Gâteau cuit au feu,,,,OUI
,,,Sel & Poivre,Épicerie,,,,,,,,,Protéines,0,g,,,,,,,,,,,,,,,,Riz au lait,,,,NON
Taboulé fait maison,50,g,Semoule,Épicerie,"Mettez le couscous dans un saladier et couvrez-le d'eau froide. Laissez reposer une demi-heure en soulevant de temps en temps les graines à la fourchette pour aérer le couscous. Lorsque l'eau a été complètement absorbée par le couscous, arrosez-le de jus de citron et assaisonnez, mélangez à la fourchette.

Lavez les tomates, les épépiner, et épluchez le concombre, puis coupez-les en petits dés. Épluchez les oignons et émincez les finement. Ajoutez-le tout au couscous, arrosez d'huile d'olive, mélangez.

Pour finir, hachez finement les herbes au couteau et les ajoutez à la salade, mélangez bien. Rectifiez l'assaisonnement si nécessaire et placez le tout au frais au moins 2 heures.","N'hésitez pas à rajouter des poivrons marinés, des olives ou des garnitures locales dans votre taboulé !",Calories,"357,435",kcal,,,,Lipides,15,g,,,,,,,,,,,,,,,,Fromage blanc/faisselle avec garnitures,,,,
,1,,Tomates,Primeur ou producteur,,,Protéines,"9,8645",g,,,,Glucides,0,g,,,,,,,,,,,,,,,,Yaourt,,,,
,"0,25",,Oignons,Primeur ou producteur,,,Lipides,"13,017",g,,,,Calcium,"0,3855",mg,,,,,,,,,,,,,,,,Rose des sables,,,,
,"0,25",,Concombres,Primeur ou producteur,,,Glucides,"45,12125",g,,,,Vitamines C,0,mg,,,,,,,,,,,,,,,,Pain d'épice,,,,
,"0,75",c. à s. ,Huile d'olive,Épicerie,,,Calcium,"183,004125",mg,,1 c. à s. Vinaigre,14 g,Calories,"17,5",kcal,,,,,,,,,,,,,,,,Pain trappeur avec garnitures,,,,
,"0,25",bouquets,Persil plat,Épicerie,,,Vitamines C,"82,9925",mg,,,,Protéines,"0,0966",g,,,,,,,,,,,,,,,,Pain avec garnitures,,,,
,"0,25",bouquets,Coriandre fraîche,Primeur ou producteur,,,,,,,,,Lipides,"0,084",g,,,,,,,,,,,,,,,,Brioche avec garnitures,,,,
,2,tiges,Menthe,Primeur ou producteur,,,,,,,,,Glucides,"3,87",g,,,,,,,,,,,,,,,,Gaufres,,,,
,,,Sel & Poivre,Épicerie,,,,,,,,,Calcium,"2,7",mg,,,,,,,,,,,,,,,,Pudding revisité avec garnitures,,,,
Salade de betterave,"0,666666667",,Betteraves rouges,Primeur ou producteur,"Si vous optez pour de la betterave crue, faites cuire les betteraves rouges dans une casserole d'eau bouillante salée pendant 45 minutes. À la fin de la cuisson, égouttez les betteraves rouges cuites et laissez-les reposer pendant 15 minutes. Épluchez ensuite les betteraves rouges cuites et coupez-les en petits cubes. Réservez.

Pelez et hachez finement les échalotes. Nettoyez et séchez le persil plat. Ciselez-le finement aussi. Dans un saladier, mélangez l'huile d'olive avec le vinaigre de vin et le jus de citron. Salez et poivrez à votre goût puis remuez. Ajoutez alors les dés de betteraves rouges cuites, l'échalote hachée et le persil ciselé puis mélangez bien le tout. Placez la salade de betteraves rouges au frais jusqu'à la dégustation.","Présentez joliment la salade dans le saladier : mettez joliment la vinaigrette et le persil ciselé à la fin, au-dessus de la salade !",Calories,"183,3700005",kcal,,,,Vitamines C,"0,07",mg,,,,,,,,,,,,,,,,Granola fait maison,,,,
,"0,5",,Échalotes,Primeur ou producteur,,,Protéines,"4,785400018",g,,Salade verte,100 g,Calories,"13,5",kcal,,,,,,,,,,,,,,,,Chocolat chaud,,,,
,"0,5",c. à s. ,Huile d'olive,Épicerie,,,Lipides,"8,086150002",g,,,,Protéines,"1,01",g,,,,,,,,,,,,,,,,Thé,,,,
,"0,25",c. à s. ,Vinaigre,Épicerie,,,Glucides,"20,18350009",g,,,,Lipides,"0,1",g,,,,,,,,,,,,,,,,Smoothies,,,,
,"0,25",c. à s. ,Jus de citron,Primeur ou producteur,,,Calcium,"96,05275019",mg,,,,Glucides,"1,5",g,,,,,,,,,,,,,,,,Jus de fruits frais,,,,
,"0,25",bouquets,Persil plat,Primeur ou producteur,,,Vitamines C,"52,50425004",mg,,,,Calcium,"35,3",mg,,,,,,,,,,,,,,,,Taboulé fait maison,,,,
,,,Sel & Poivre,Épicerie,,,,,,,,,Vitamines C,"1,95",mg,,,,,,,,,,,,,,,,Salade de chèvre chaud,,,,
Salade de pousse de soja & maïs,75,g,Pousses de soja,Primeur ou producteur,"Détaillez la carotte en lanières de quelques centimètres de longueur, puis découpez les lanières en fins bâtonnets. Faites cuire les épis de maïs dans de l'eau bouillante 5 minutes ou au feu de bois, puis épépinez les épis pour récupérer le maïs.

Dans un saladier, mélangez la sauce soja, le jus de citron, le sel et le poivre. Ajoutez les batônnets de carotte, les germes de soja et le maïs. Mélangez et réservez au frais jusqu'au moment de servir","Dans la vinaigrette, vous pouvez changer le vinaigre par de la sauce soja si vous en avez sous la main !",Calories,"162,35",kcal,,1 tranche de pain de mie,35 g,Calories,"99,4",kcal,,,,,,,,,,,,,,,,Salade de betterave,,,,
,75,g,Maïs,Primeur ou producteur,,,Protéines,"4,70565",g,,,,Protéines,"2,6635",g,,,,,,,,,,,,,,,,Salade de pousse de soja & maïs,,,,
,"0,4",,Carottes,Primeur ou producteur,,,Lipides,"9,07115",g,,,,Lipides,"1,5225",g,,,,,,,,,,,,,,,,Salade de pois chiche à la grecque,,,,
,"0,5",c. à s. ,Huile d'olive,Épicerie,,,Glucides,"13,546",g,,,,Glucides,"17,78",g,,,,,,,,,,,,,,,,Salade endive & bleu,,,,
,"0,25",c. à s. ,Vinaigre,Épicerie,,,Calcium,"28,10275",mg,,,,Calcium,"42,7",mg,,,,,,,,,,,,,,,,Salade de concombre à la crème,,,,
,"0,25",c. à s. ,Jus de citron,Primeur ou producteur,,,Vitamines C,"8,508",mg,,,,Vitamines C,0,mg,,,,,,,,,,,,,,,,Salade de chou et pommes,,,,
,,,Sel & Poivre,Épicerie,,,,,,,Fromage de chèvre,100 g,Calories,440,kcal,,,,,,,,,,,,,,,,Salade de pomme de terre,,,,
Salade de pois chiche à la grecque,100,g,Pois chiches cuits,Primeur ou producteur,"Préparez la vinaigrette en mélangeant l'huile d'olive, le vinaigre, le jus de citron, le sel et le poivre. Réservez au frais.

Pelez l'oignon rouge et ciselez-le finement. Coupez les tomates cerises en deux et le concombre en petits dés. Ciselez le persil plat.

Dans un saladier, mélangez les pois chiche, l'oignon rouge, la salade et le fromage émietté, les tomates, le concombre, les olives et le persil. Arrosez de vinaigrette et mélangez bien.","Vous pouvez ajouter des herbes de votre choix dans la vinaigrette pour la parfumer: origan, herbes de Provence, etc.. …",Calories,"432,5175",kcal,,,,Protéines,"30,5",g,,,,,,,,,,,,,,,,Salade de poulet bressane,,,,
,3,,Tomates cerises,Primeur ou producteur,,,Protéines,"18,7919",g,,,,Lipides,"35,6",g,,,,,,,,,,,,,,,,Salade de tomate,,,,
,"0,25",,Concombres,Primeur ou producteur,,,Lipides,"26,94865",g,,,,Glucides,0,g,,,,,,,,,,,,,,,,Coleslaw,,,,
,50,g,Feta ou fromage de brebis,Fromagerie,,,Glucides,"27,32225",g,,,,Calcium,895,mg,,,,,,,,,,,,,,,,Champignons à la grecque,,,,
,25,g,Olives noires,Primeur ou producteur,,,Calcium,"353,51525",mg,,,,Vitamines C,0,mg,,,,,,,,,,,,,,,,Carottes râpées,,,,
,"0,25",,Oignons rouges,Primeur ou producteur,,,Vitamines C,"68,80425",mg,,1 gousse d'ail,5 g,Calories,"6,85",kcal,,,,,,,,,,,,,,,,Tomates mozzarella,,,,
,"37,5",g,Salade verte,Primeur ou producteur,,,,,,,,,Protéines,"0,2905",g,,,,,,,,,,,,,,,,Pastèque & melon,,,,
,"0,5",c. à s. ,Huile d'olive,Épicerie,,,,,,,,,Lipides,"0,017",g,,,,,,,,,,,,,,,,"Radis, pain & beurre",,,,
,"0,25",c. à s. ,Vinaigre,Épicerie,,,,,,,,,Glucides,"1,06",g,,,,,,,,,,,,,,,,Œufs dur & mayonnaise,,,,
,"0,25",c. à s. ,Jus de citron,Primeur ou producteur,,,,,,,,,Calcium,"4,025",mg,,,,,,,,,,,,,,,,Soupe de tomate aux lentilles,,,,
,"0,25",bouquets,Persil plat,Primeur ou producteur,,,,,,,,,Vitamines C,"0,905",mg,,,,,,,,,,,,,,,,Soupe de légumes,,,,
,,,Sel & Poivre,Épicerie,,,,,,,1 c. à c. Moutarde,6 g,Calories,"9,12",kcal,,,,,,,,,,,,,,,,Soupe d'orties,,,,
Salade endive & bleu,50,g,Bleu (fromage),Fromagerie,"Lavez puis coupez la base amère des endives. Détachez-les, feuilles par feuilles, et coupez-les en petits morceaux. Coupez le Bleu d'Auvergne en dés et concassez les cerneaux de noix. Épluchez et coupez-les pommes en petits dés.

Préparez la vinaigrette en mélangeant l'huile d'olive, le vinaigre, le sel et le poivre. Mélangez le Bleu, les pommes, les endives, les noix et arrosez de vinaigrette.",N'hésitez pas à rajouter des raisins secs !,Calories,"556,225",kcal,,,,Protéines,"0,4152",g,,,,,,,,,,,,,,,,Soupe de pois,,,,
,1,,Endives,Primeur ou producteur,,,Protéines,"16,45415",g,,,,Lipides,"0,672",g,,,,,,,,,,,,,,,,Fondue à la tomate,,,,
,"0,5",,Pommes,Primeur ou producteur,,,Lipides,"45,701",g,,,,Glucides,"0,2598",g,,,,,,,,,,,,,,,,Nems,,,,
,5,,Noix,Primeur ou producteur,,,Glucides,"16,2205",g,,,,Calcium,"5,178",mg,,,,,,,,,,,,,,,,Samoussas,,,,
,"0,5",c. à s. ,Huile d'olive,Épicerie,,,Calcium,"313,70575",mg,,,,Vitamines C,"0,018",mg,,,,,,,,,,,,,,,,Fougasse,,,,
,"0,25",c. à s. ,Vinaigre,Épicerie,,,Vitamines C,"6,912",mg,,1 c. à c. Piment d'espelette,"1,9 g",Calories,"0,8455",kcal,,,,,,,,,,,,,,,,Bruschetta tomate-basilic,,,,
,,,Sel & Poivre,Épicerie,,,,,,,,,Protéines,"0,03553",g,,,,,,,,,,,,,,,,Blinis et garnitures,,,,
Salade de concombre à la crème,"0,5",,Concombres,Primeur ou producteur,"Nettoyez et coupez-les concombres en fines rondelles, sans les éplucher. Réservez.

Mélangez la crème fraîche épaisse et le jus de citron dans un bol. Nettoyez et ciselez la ciboulette. Mélangez-la à la crème et aux concombres. Salez et poivrez à votre goût. ",Servez la salade avec des tranches de pain grillées au feu de bois,Calories,"625,725",kcal,,,,Lipides,"0,00608",g,,,,,,,,,,,,,,,,Légumes à croquer et garnitures,,,,
,200,ml,Crème fraîche épaisse,Fromagerie,,,Protéines,"6,889",g,,,,Glucides,"0,1463",g,,,,,,,,,,,,,,,,Salade d'épeautre,,,,
,"0,25",bottes,Ciboulette fraîche,Primeur ou producteur,,,Lipides,"61,36015",g,,,,Calcium,"0,266",mg,,,,,,,,,,,,,,,,Salade de riz,,,,
,"0,25",c. à s. ,Jus de citron,Primeur ou producteur,,,Glucides,"9,1985",g,,,,Vitamines C,"2,945",mg,,,,,,,,,,,,,,,,Salade de lentilles,,,,
,,,Sel & Poivre,Épicerie,,,Calcium,"215,785",mg,,1 c. à c. Herbes de provence,3 g,Calories,"8,49",kcal,,,,,,,,,,,,,,,,Salade de pâtes,,,,
,,,,,,,Vitamines C,"28,293",mg,,,,Protéines,"0,345",g,,,,,,,,,,,,,,,,Salade niçoise,,,,
Salade de chou et pommes,"0,5",,Pommes,Primeur ou producteur,"Coupez le chou et les oignons verts très finement et les mettre dans un saladier. Pelez les pommes, enlevez le cœur, les émincer et les ajouter au saladier.

Mélangez l'huile d'olive, le vinaigre, le jus de citron, le sel et le poivre. Versez la vinaigrette dans le saladier et bien mélanger. Vérifiez l'assaisonnement.",Ajoutez des noix à la salade !,Calories,"162,8",kcal,,,,Lipides,"0,216",g,,,,,,,,,,,,,,,,Salade grecque,,,,
,"0,1",,Choux blancs ou rouges,Primeur ou producteur,,,Protéines,"2,33565",g,,,,Glucides,"0,69",g,,,,,,,,,,,,,,,,Minestrone,,,,
,"0,15",,Oignons,Primeur ou producteur,,,Lipides,"8,14565",g,,,,Calcium,"55,8",mg,,,,,,,,,,,,,,,,Buddha bowl,,,,
,"0,5",c. à s. ,Huile d'olive,Épicerie,,,Glucides,"17,08225",g,,,,Vitamines C,"1,62",mg,,,,,,,,,,,,,,,,Pâtes à la sauce tomate faite maison,,,,
,"0,25",c. à s. ,Vinaigre,Épicerie,,,Calcium,"86,96575",mg,,1 c. à s. Jus de citron,14 g,Calories,"4,2",kcal,,,,,,,,,,,,,,,,Pâtes aux champignons,,,,
,"0,25",c. à s. ,Jus de citron,Primeur ou producteur,,,Vitamines C,"74,838",mg,,,,Protéines,"0,056",g,,,,,,,,,,,,,,,,Pâtes à la carbonara,,,,
,,,Sel & Poivre,Épicerie,,,,,,,,,Lipides,"0,0406",g,,,,,,,,,,,,,,,,Pâtes au pesto,,,,
Salade de poulet bressane,"0,25",,Céleris en branche,Primeur ou producteur,Coupez le céleri en petits dés et les blancs de poulet fumés en petits dés. Mélangez le tout dans un saladier avec la mayonnaise. Assaisonnez à souhait.,Ajoutez de la pomme ou des fruits secs !,Calories,"268,275",kcal,,,,Glucides,"0,854",g,,,,,,,,,,,,,,,,Pâtes à la bolognaise,,,,
,100,g,Blanc de poulet fumé,Rôtisserie,,,Protéines,"30,229",g,,,,Calcium,"1,54",mg,,,,,,,,,,,,,,,,Gratin de pâtes,,,,
,1,c. à s. ,Mayonnaise,Épicerie,,,Lipides,"13,2775",g,,,,Vitamines C,"3,472",mg,,,,,,,,,,,,,,,,Aubergines farcies,,,,
,,,Sel & Poivre,Épicerie,,,Glucides,"6,093",g,,1 c. à s. Cacao en poudre,8 g,Calories,"30,96",kcal,suisse,,,,,,,,,,,,,,,Courgettes farcies,,,,
,,,,,,,Calcium,"76,04",mg,,,,Protéines,"1,792",g,,,,,,,,,,,,,,,,Dhal de lentilles corail,,,,
,,,,,,,Vitamines C,"7,6375",mg,,,,Lipides,"1,648",g,,,,,,,,,,,,,,,,Crumble de légumes,,,,
Salade de tomate,"2,5",,Tomates,Primeur ou producteur,"Découpez les tomates en rondelles, émincez les oignons rouges très finement et les mettre dans un saladier.

Ciselez finement le basilic. Mélangez l'huile, le vinaigre, le basilic ciselé, le sel et le poivre. Ajoutez la vinaigrette à la salade de tomates.",Utilisez des tomates cœur de bœuf ou de différentes couleurs !,Calories,"152,255",kcal,,,,Glucides,"0,928",g,,,,,,,,,,,,,,,,Tomates provençales,,,,
,"0,5",,Oignons rouges,Primeur ou producteur,,,Protéines,"3,48215",g,,,,Calcium,"11,2",mg,,,,,,,,,,,,,,,,Nouilles sautées,,,,
,1,tiges,Basilic,Primeur ou producteur,,,Lipides,"8,7065",g,,,,Vitamines C,"0,04",mg,,,,,,,,,,,,,,,,Risotto ,,,,
,"0,5",c. à s. ,Huile d'olive,Épicerie,,,Glucides,"11,6875",g,,1 c. à s. Mayonnaise,15 g,Calories,"104,4",kcal,,,,,,,,,,,,,,,,Falafels,,,,
,"0,25",c. à s. ,Vinaigre,Épicerie,,,Calcium,"80,91775",mg,,,,Protéines,"0,204",g,,,,,,,,,,,,,,,,Fromage au feu,,,,
,,,Sel & Poivre,Épicerie,,,Vitamines C,"43,8675",mg,,,,Lipides,"11,28",g,,,,,,,,,,,,,,,,Omelette aux pommes de terre,,,,
Coleslaw,"0,125",,Choux blancs,Primeur ou producteur,"Hachez finement le chou blanc, les oignons et râpez les carottes.

Mettre le tout dans un saladier, et mélangez avec la mayonnaise, le sel et le poivre",Vous pouvez rajouter des pignons de pin ou des graines de sésame grillées !,Calories,"407,1",kcal,,,,Glucides,"0,393",g,,,,,,,,,,,,,,,,Omelette aux légumes,,,,
,"0,25",,Oignons,Primeur ou producteur,,,Protéines,"3,8165",g,,,,Calcium,"2,64",mg,,,,,,,,,,,,,,,,Piperade,,,,
,"0,625",,Carottes,Primeur ou producteur,,,Lipides,"34,5345",g,,,,Vitamines C,"0,075",mg,,,,,,,,,,,,,,,,Pommes de terre farcies,,,,
,5,g,Raisins secs,Primeur ou producteur,,,Glucides,"16,2365",g,,1 sachet Levure chimique,10 g,Calories,"7,6",kcal,sachet alsa,,,,,,,,,,,,,,,Boulettes de viande à la sauce tomate,,,,
,3,c. à s. ,Mayonnaise,Épicerie,,,Calcium,"135,61",mg,,,,Protéines,"0,196",g,,,,,,,,,,,,,,,,Brochettes de viandes et de légumes,,,,
,,,Sel & Poivre,Épicerie,,,Vitamines C,"88,361",mg,,,,Lipides,"0,02",g,,,,,,,,,,,,,,,,Viandes et légumes cuits au barbecue,,,,
Champignons à la grecque,125,g,Champignons de Paris,Primeur ou producteur,"Nettoyez les champignons. Enlevez la peau de vos tomates, coupez-les en petits dés, puis mettez-les dans une casserole, avec l'huile d'olive, le jus de citron et les oignons coupés en lamelles.

Faites cuire 3 min en remuant régulièrement, puis rajoutez les champignons, le bouquet garni, du sel et du poivre, couvrez, et laissez mijoter doucement pendant environ 15 min, en remuant de temps en temps.

Laissez refroidir, puis servez frais.",Vous pouvez rajouter du piment d'Espelette ou du Tabasco pour un peu pimenter le tout !,Calories,"409,5416692",kcal,,,,Glucides,"3,32",g,,,,,,,,,,,,,,,,Calamars aux poivrons,,,,
,"0,666666667",,Tomates,Primeur ou producteur,,,Protéines,"12,59533342",g,,,,Calcium,896,mg,,,,,,,,,,,,,,,,Poêlée de crevettes au citron et à l'ail,,,,
,"0,166666667",,Oignons,Primeur ou producteur,,,Lipides,"12,50453337",g,,,,Vitamines C,0,mg,,,,,,,,,,,,,,,,Poisson en croûte de sel,,,,
,2,c. à s.,Jus de citron,Primeur ou producteur,,,Glucides,"44,18966705",g,,1 tranche Jambon blanc,25 g,Calories,"29,25",kcal,,,,,,,,,,,,,,,,Poulet trappeur,,,,
,"0,25",c. à s. ,Huile d'olive,Épicerie,,,Calcium,"1384,390543",mg,,,,Protéines,"5,125",g,,,,,,,,,,,,,,,,Papillote de poisson aux légumes,,,,
,"0,25",,Bouquet garni,Primeur ou producteur,,,Vitamines C,"70,36483405",mg,,,,Lipides,"0,88",g,,,,,,,,,,,,,,,,Pavé de poisson à la normande,,,,
,,,Sel & Poivre,Épicerie,,,,,,,,,Glucides,"0,1925",g,,,,,,,,,,,,,,,,Couscous simplifié,,,,
Carottes râpées,1,,Carottes,Primeur ou producteur,"Râpez la carotte.

Faire la vinaigrette en mélangeant vinaigre, huile, jus de citron, sel et poivre. Mélangez les carottes avec la vinaigrette.",Ajoutez des graines de sésame grillées sur la salade pour la rendre plus jolie !,Calories,"91,925",kcal,,,,Calcium,"3,5",mg,,,,,,,,,,,,,,,,Chili con carne,,,,
,"0,5",c. à s. ,Huile d'olive,Épicerie,,,Protéines,"0,58815",g,,,,Vitamines C,"15,95",mg,suisse,,,,,,,,,,,,,,,Tomates farcies,,,,
,"0,25",c. à s. ,Vinaigre,Épicerie,,,Lipides,"7,63115",g,,Semoule moyenne,100 g,Calories,352,kcal,,,,,,,,,,,,,,,,Poulet basquaise,,,,
,"0,25",c. à s. ,Jus de citron,Primeur ou producteur,,,Glucides,"3,781",g,,,,Protéines,"10,9",g,,,,,,,,,,,,,,,,Poulet au curry,,,,
,,,Sel & Poivre,Épicerie,,,Calcium,"32,75275",mg,,,,Lipides,"1,25",g,,,,,,,,,,,,,,,,Curry de porc,,,,
,,,,,,,Vitamines C,"1,8855",mg,,,,Glucides,"71,6",g,,,,,,,,,,,,,,,,Fajitas,,,,
Tomates mozzarella,"0,666666667",,Tomates,Primeur ou producteur,"Découpez la mozzarella et les tomates en tranches. 

Intercalez les tranches de mozzarella entre les tranches de tomates sur le plat de service en les faisant se chevaucher. 

Préparez une vinaigrette avec l'huile d'olive, le vinaigre, le sel et le poivre, puis en asperger les tomates et la mozzarella.

Prélevez des feuilles de basilic frais et les émincer finement après les avoir rincées.
Parsemez les tomates de basilic.",Utilisez des tomates cœur de bœuf ou de différentes couleurs !,Calories,"198,5033396",kcal,,,,Calcium,"16,9",mg,,,,,,,,,,,,,,,,Hamburger,,,,
,"41,66666667",g,Mozzarella,Fromagerie,,,Protéines,"8,363650292",g,,,,Vitamines C,0,mg,,,,,,,,,,,,,,,,Rougail saucisse,,,,
,"1,5",tiges,Basilic,Primeur ou producteur,,,Lipides,"16,00841676",g,,1 Tomate,100 g,Calories,"18,4",kcal,,,,,,,,,,,,,,,,Hachis parmentier,,,,
,"0,5",c. à s. ,Huile d'olive,Épicerie,,,Glucides,"3,602084087",g,,,,Protéines,"0,86",g,,,,,,,,,,,,,,,,Croziflette,,,,
,"0,25",c. à s. ,Vinaigre,Épicerie,,,Calcium,"294,8027529",mg,,,,Lipides,"0,26",g,,,,,,,,,,,,,,,,Tartiflette,,,,
,,,Sel & Poivre,Épicerie,,,Vitamines C,"13,6133385",mg,,,,Glucides,"2,26",g,,,,,,,,,,,,,,,,Escalope de poulet aux champignons,,,,
Pastèque & melon,"0,25",,Melons,Primeur ou producteur,"Épluchez la pastèque et le melon, puis coupez-les en petits dés, ou avec des formes que vous désirez, et mélangez le tout dans un saladier.",Rajoutez de la menthe ou du gingembre dans la salade !,Calories,"158,84375",kcal,,,,Calcium,"8,14",mg,,,,,,,,,,,,,,,,Porc au caramel,,,,
,"0,0625",,Pastèques,Primeur ou producteur,,,Protéines,"3,18125",g,,,,Vitamines C,"15,5",mg,,,,,,,,,,,,,,,,Bœuf façon Strogonoff,,,,
,,,,,,,Lipides,"0,784375",g,,1 Concombre,400 g,Calories,"54,4",kcal,,,,,,,,,,,,,,,,Poulet mariné miel & moutarde,,,,
,,,,,,,Glucides,"32,56875",g,,,,Protéines,"2,56",g,,,,,,,,,,,,,,,,Poulet satay,,,,
,,,,,,,Calcium,"33,55",mg,,,,Lipides,"0,44",g,,,,,,,,,,,,,,,,Pot-au-feu,,,,
,,,,,,,Vitamines C,"93,21875",mg,,,,Glucides,"8,16",g,,,,,,,,,,,,,,,,Croquettes de poisson ou de poulet,,,,
"Radis, pain & beurre",6,,Radis,Primeur ou producteur,"Recette très simple, servez directement les radis, le beurre et le pain, les jeunes étant maitres de leur entrée ! C'est eux qui coupent leur pain en morceaux et tartinent le beurre dessus !","Quitte à prendre du beurre doux, utilisez de la fleur de sel à saupoudrer sur le pain beurré !",Calories,"256,715",kcal,,,,Calcium,"76,8",mg,,,,,,,,,,,,,,,,Paella,,,,
,"0,25",,Baguettes de pain,Boulangerie,,,Protéines,"5,87675",g,,,,Vitamines C,33,mg,,,,,,,,,,,,,,,,Riz cantonais,,,,
,10,g,Beurre,Épicerie,,,Lipides,"9,6725",g,,1 bouquet persil plat,100 g,Calories,"42,7",kcal,,,,,,,,,,,,,,,,Rouleaux de printemps,,,,
,,,,,,,Glucides,"34,674",g,,,,Protéines,"3,63",g,,,,,,,,,,,,,,,,Flammekueche au feu de bois,,,,
,,,,,,,Calcium,"33,54",mg,,,,Lipides,"0,63",g,,,,,,,,,,,,,,,,Pizza au feu de bois,,,,
,,,,,,,Vitamines C,"19,625",mg,,,,Glucides,"3,48",g,,,,,,,,,,,,,,,,Croque-monsieur,,,,
Œufs dur & mayonnaise,2,,Œufs,Épicerie,"Portez une casserole d'eau à ébullition, puis plongez-y les œufs pendant 9 minutes. Sortez-les de la casserole à l'aide d'un écumoire, puis écaillez-les.

Servez les simplement avec de la mayonnaise, les jeunes coupant les œufs et ajoutant la mayonnaise par eux-mêmes !","Faites la mayonnaise vous-même, et ajoutez-y quelques épices (piment d'Espelette, safran, persil, etc.. …)",Calories,"376,8",kcal,,,,Calcium,218,mg,,,,,,,,,,,,,,,,Omelette campagnarde,,,,
,2,c. à s.,Mayonnaise,Épicerie,,,Protéines,"15,648",g,,,,Vitamines C,177,mg,,,,,,,,,,,,,,,,Tartines,,,,
,,,Sel & Poivre,Épicerie,,,Lipides,"34,356",g,,1 bouquet coriandre fraîche,100 g,Calories,"22,3",kcal,,,,,,,,,,,,,,,,Truffade,,,,
,,,,,,,Glucides,"1,11",g,,,,Protéines,"2,13",g,,,,,,,,,,,,,,,,Fish and chips,,,,
,,,,,,,Calcium,"97,44",mg,,,,Lipides,"0,52",g,,,,,,,,,,,,,,,,Moussaka,,,,
,,,,,,,Vitamines C,"0,15",mg,,,,Glucides,"0,87",g,,,,,,,,,,,,,,,,Haricots verts,,,,
Soupe de tomate aux lentilles,"41,66666667",g,Lentilles sèches,Primeur ou producteur,"Hachez l'ail, puis faites le revenir dans une casserole avec l'huile d'olive, le bouquet garni et le piment.

Coupez les tomates en petits morceaux, puis ajoutez-les dans la casserole.

Ajoutez les lentilles, et 2 fois plus d'eau que de lentilles, dans la casserole. Salez et poivrez, puis laissez cuire 15 minutes, jusqu'à ce que la soupe soit suffisamment épaisse.",Rajoutez du fromage râpé dans votre soupe !,Calories,"381,2530422",kcal,,,,Calcium,67,mg,,,,,,,,,,,,,,,,Pommes de terre grenaille,,,,
,"1,33333",,Tomates,Primeur ou producteur,,,Protéines,"13,97413256",g,,,,Vitamines C,27,mg,,,,,,,,,,,,,,,,Riz basmati aux oignons,,,,
,1,c. à s.,Huile d'olive,Épicerie,,,Lipides,"17,88877",g,,1 tige menthe,15 g,Calories,"8,655",kcal,,,,,,,,,,,,,,,,Pommes de terre sautées,,,,
,"0,5",,Gousses d'ail,Primeur ou producteur,,,Glucides,"34,10074176",g,,,,Protéines,"0,531",g,,,,,,,,,,,,,,,,Écrasé de pommes de terre/carottes,,,,
,"0,25",,Bouquets garnis,Épicerie,,,Calcium,"372,7344999",mg,,,,Lipides,"0,126",g,,,,,,,,,,,,,,,,Gratin dauphinois,,,,
,"0,25",c. à c.,Piment d'Espelette,Épicerie,,,Vitamines C,"35,79291617",mg,,,,Glucides,"0,795",g,,,,,,,,,,,,,,,,Carottes au cumin,,,,
,,,Sel & Poivre,Épicerie,,,,,,,,,Calcium,"33,15",mg,,,,,,,,,,,,,,,,Poêlée de légumes,,,,
Soupe de légumes,"0,333333333",,Carottes,Primeur ou producteur,"Pelez les gousses d'ail et l'oignon et hachez-les. Épluchez les carottes, les pommes de terre et les navets et coupez-les en morceaux. Émincez les poireaux.

Mettez tous les légumes dans le fond d'une marmite, puis arrosez-le avec de l'eau, de façon à tout juste recouvrir les légumes. Ajoutez le sel et le poivre, couvrez, portez à ébullition, puis laissez mijoter environ 40 minutes.

Salez et poivrez de nouveau à votre convenance.","Ajoutez du bouillon de légume ou de viande fait à base des épluchures, des fanes ou des carcasses lors de la cuisson des légumes !",Calories,"78,06666003",kcal,,,,Vitamines C,"3,39",mg,,,,,,,,,,,,,,,,Polenta,,,,
,"0,333333333",,Pommes de terre,Primeur ou producteur,,,Protéines,"2,616833105",g,,1 Betterave rouge,300 g,Calories,"141,6",kcal,,,,,,,,,,,,,,,,Gnocchis,,,,
,"0,333333333",,Poireaux,Primeur ou producteur,,,Lipides,"0,4456666407",g,,,,Protéines,"5,52",g,,,,,,,,,,,,,,,,Tagliatelles,,,,
,"0,333333333",,Navets,Primeur ou producteur,,,Glucides,"13,43249884",g,,,,Lipides,"0,54",g,,,,,,,,,,,,,,,,Blé,,,,
,"0,333333333",,Gousses d'ail,Primeur ou producteur,,,Calcium,"74,87499326",mg,,,,Glucides,"25,68",g,,,,,,,,,,,,,,,,Boulgour,,,,
,"0,166666667",,Oignons,Primeur ou producteur,,,Vitamines C,"29,4933305",mg,,,,Calcium,"57,3",mg,,,,,,,,,,,,,,,,Quinoa,,,,
,,,Sel & Poivre,Épicerie,,,,,,,,,Vitamines C,"10,8",mg,,,,,,,,,,,,,,,,Épi de maïs au feu,,,,
Soupe d'orties,175,g,Orties,Primeur ou producteur,"Coupez les orties et les laisser au sol 15 min pour ne pas se piquer. Retirez les tiges. Lavez puis hachez les feuilles, les faire revenir dans l'huile d'olive jusqu'à ce qu'elles soient fondues. Ajoutez l'eau, et attendez l'ébullition.

Écrasez les orties après cuisson, ajoutez la crème fraîche et assaisonnez selon votre convenance.",Rajoutez du fromage local râpé dans votre soupe !,Calories,"308,5",kcal,,1 échalote,15 g,Calories,"10,74",kcal,,,,,,,,,,,,,,,,Ratatouille,,,,
,25,ml,Crème fraîche épaisse,Épicerie,,,Protéines,"10,2425",g,,,,Protéines,"0,3195",g,,,,,,,,,,,,,,,,Tian de légumes,,,,
,"3,125",ml,Eau,,,,Lipides,"23,85",g,,,,Lipides,"0,075",g,,,,,,,,,,,,,,,,Haricots blancs/rouges,,,,
,1,c. à s.,Huile d'olive,Épicerie,,,Glucides,"12,9725",g,,,,Glucides,"2,025",g,,,,,,,,,,,,,,,,Semoule,,,,
,,,Sel & Poivre,Épicerie,,,Calcium,"1122,1105",mg,,,,Calcium,"4,2",mg,,,,,,,,,,,,,,,,Pad thaï,,,,
,,,,,,,Vitamines C,"582,875",mg,,,,Vitamines C,"0,3375",mg,,,,,,,,,,,,,,,,Salade verte,,,,
Soupe de pois,"83,33333333",g,Pois cassés,Primeur ou producteur,"Épluchez et lavez tous les légumes, et émincez-les. Rincez les pois cassés, et les égoutter dans une passoire. Hachez finement les oignons et les gousses d'ail. 

Dans une grande cocotte, faire revenir les oignons et l'ail avec l'huile d'olive. Ajoutez les légumes réservés, et les cuire pour qu'ils deviennent translucides. Ajoutez les pois cassés, versez de l'eau froide jusqu'à hauteur des légumes, et ajoutez le bouquet garni. Laissez cuire une petite heure à la reprise de l'ébullition.

Une fois les légumes cuits, retirer le bouquet garni, et écrasez le tout. Ajoutez la crème, rectifiez l'assaisonnement.","Ajoutez du bouillon de légumes ou de viande fait à base des épluchures, des fanes ou des carcasses lors de la cuisson des légumes !",Calories,"455,4583335",kcal,,pousses de soja,100 g,Calories,"30,5",kcal,,,,,,,,,,,,,,,,Fromage local,,,,
,"0,166666667",,Carottes,Primeur ou producteur,,,Protéines,"21,24908334",g,,,,Protéines,"2,57",g,,,,,,,,,,,,,,,,Salade de fraises,,,,
,"0,166666667",,Oignons,Primeur ou producteur,,,Lipides,"13,25166667",g,,,,Lipides,"0,5",g,,,,,,,,,,,,,,,,Brochettes de fruits,,,,
,"0,333333333",,Gousses d'ail,Primeur ou producteur,,,Glucides,"52,72316668",g,,,,Glucides,"3,4",g,,,,,,,,,,,,,,,,Salade de fruits,,,,
,"0,166666667",,Bouquets garnis,Épicerie,,,Calcium,"280,9035838",mg,,,,Calcium,16,mg,,,,,,,,,,,,,,,,Fondue au chocolat,,,,
,10,ml,Crème fraîche épaisse,Épicerie,,,Vitamines C,"11,15416668",mg,,,,Vitamines C,"4,13",mg,,,,,,,,,,,,,,,,Oranges rôties,,,,
,"0,5",c. à s.,Huile d'olive,Épicerie,,,,,,,maïs,100 g,Calories,"78,6",kcal,,,,,,,,,,,,,,,,Pommes rôties,,,,
,,,Sel & Poivre,Épicerie,,,,,,,,,Protéines,"3,36",g,,,,,,,,,,,,,,,,Poêlée de fruits aux épices et aux herbes,,,,
Fondue à la tomate,"1,5",,Tomates,Primeur ou producteur,"Hachez l'ail et l'oignon. Faites les revenir avec l'huile d'olive dans une grande casserole, ils ne doivent pas  se colorer. Hachez-les tomates et ajoutez-les dans la casserole.

Retirez du feu, râpez-le fromage et ajoutez-le dans la casserole, en remuant constamment. Portez très lentement presque à l'ébullition, en remuant constamment, jusqu'à ce que le fromage soit fondu. Salez et poivrez selon goût.

Servez immédiatement, comme pour une fondue, avec le pain.","Au lieu de simplement utiliser du pain, coupez-le en morceaux et faites-le revenir dans du beurre, de l'ail et des herbes pour en faire des croûtons !",Calories,"549,1666527",kcal,,,,Lipides,"1,5",g,,,,,,,,,,,,,,,,Crumble de fruits,,,,
,"29,16666667",g,Emmental,Fromagerie,,,Protéines,"23,92324982",g,,,,Glucides,"11,7",g,,,,,,,,,,,,,,,,Clafoutis aux fruits,,,,
,"29,16666667",g,Comté,Fromagerie,,,Lipides,"31,34436653",g,,,,Calcium,3,mg,,,,,,,,,,,,,,,,Tarte tatin cuite au feu,,,,
,1,c. à s.,Huile d'olive,Épicerie,,,Glucides,"39,89341382",g,,,,Vitamines C,"5,5",mg,,,,,,,,,,,,,,,,Pain perdu,,,,
,"0,25",,Oignons,Primeur ou producteur,,,Calcium,"601,6921616",mg,,1 carotte,100 g,Calories,19,kcal,,,,,,,,,,,,,,,,Semoule au lait,,,,
,"0,333333333",,Gousses d'ail,Primeur ou producteur,,,Vitamines C,"28,99482176",mg,,,,Protéines,"0,55",g,,,,,,,,,,,,,,,,Crème dessert fait-maison,,,,
,"0,25",,Baguettes de pain,Boulangerie,,,,,,,,,Lipides,"0,1",g,,,,,,,,,,,,,,,,Gâteau de semoule,,,,
,,,Sel & Poivre,Épicerie,,,,,,,,,Glucides,"2,6",g,,,,,,,,,,,,,,,,Marbré fait-maison,,,,
Nems,3,,Galettes de riz,Épicerie,"Hachez les oignons et l'ail, épluchez et coupez-les carottes en fines lamelles et coupez l'échine de porc en fines lamelles.

Faites revenir l'ail et les oignons dans une poêle avec l'huile d'olive et la sauce soja, puis ajoutez-les carottes, puis l'échine lorsque les carottes commencent à être fondantes. Finissez la cuisson jusqu'à ce que l'échine soit cuite.

Faites tremper une galette dans de l'eau tiède 20-30 secondes, en la retournant jusqu'à ce qu'elle se ramollisse. Posez-la délicatement sur un torchon propre et séchez-la légèrement (il faut qu'elle reste humide). Déposez les légumes avec l'échine en bas de la galette, puis ajoutez les pousses de soja et la menthe. Commencez par rouler par le bas la galette, et à mi-chemin, repliez les bords au centre, puis finissez de rouler la galette.

Faites cuire les nems dans l'huile neutre, juste avant de les servir.

Option végétarienne : enlevez l'échine de porc, et ajoutez de l'œuf en omelette à la place.",Vous pouvez ajouter des cacahuètes ou des noix de cajou dans la farce du nem !,Calories,"543,404",kcal,,,,Calcium,"31,5",mg,,,,,,,,,,,,,,,,Tiramisu,,,,
,"0,5",,Carottes,Primeur ou producteur,,,Protéines,"12,8191",g,,,,Vitamines C,1,mg,,,,,,,,,,,,,,,,Poires au chocolat,,,,
,45,g,Échine de porc,Boucherie,,,Lipides,"45,48065",g,,Pois chiches cuits,100 g,Calories,147,kcal,,,,,,,,,,,,,,,,Rice pudding,,,,
,"0,25",,Oignons,Primeur ou producteur,,,Glucides,"18,93385",g,,,,Protéines,"8,31",g,,,,,,,,,,,,,,,,Porridge,,,,
,30,g,Pousses de soja,Primeur ou producteur,,,Calcium,"144,81775",mg,,,,Lipides,3,g,,,,,,,,,,,,,,,,Mousse au chocolat,,,,
,"0,25",,Gousses d'ail,Primeur ou producteur,,,Vitamines C,"7,4595",mg,,,,Glucides,"17,7",g,,,,,,,,,,,,,,,,Chaussons aux fruits,,,,
,1,tiges,Menthe,Épicerie,,,,,,,,,Calcium,72,mg,,,,,,,,,,,,,,,,Sandwich aux courgettes et aux aubergines,,,,
,"0,5",c. à s.,Huile d'olive,Épicerie,,,,,,,,,Vitamines C,"0,5",mg,,,,,,,,,,,,,,,,Sandwich tomates-capres,,,,
,2,c. à s.,Huile neutre,Épicerie,,,,,,,1 tomates cerises,15 g,Calories,"3,21",kcal,,,,,,,,,,,,,,,,Sandwich chèvre-miel & herbes,,,,
,"0,5",c. à c.,Sauce soja,Épicerie,,,,,,,,,Protéines,"0,12",g,,,,,,,,,,,,,,,,Sandwich jambon-beurre,,,,
,,,Sel & Poivre,Épicerie,,,,,,,,,Lipides,"0,06",g,,,,,,,,,,,,,,,,Sandwich jambon-fromage,,,,
Samoussas,"1,5",,Feuilles de brick,Épicerie,"Hachez très finement les oignons, les carottes et l'ail. Dans une poêle à feu vif, faites-les revenir dans de l'huile d'olive. Ajoutez la viande de bœuf et laissez dorer un peu. Assaisonnez avec le curry, le sel et le poivre. Bien mélanger et laisser cuire à feu doux 2 à 3 minutes.

Répartissez la farce dans les feuilles de brick (2 samoussas par feuille) et procéder au pliage (souvent expliqué sur les paquets de feuilles de brick). Collez le dernier revers avec l'œuf battu.

Faites cuire dans un fond d'huile neutre, 2 minutes de chaque côté. En fin de cuisson, déposez les samoussas sur une assiette avec du papier absorbant afin de retirer l'excès d'huile de cuisson.

Option végétarienne : remplacez le bœuf par des pousses de soja ou des vermicelles de riz.",Ajoutez des cacahuètes dans la farce !,Calories,"577,167",kcal,,,,Glucides,"0,45",g,,,,,,,,,,,,,,,,Sandwich poulet-moutarde,,,,
,75,g ,Viande hachée,Boucherie,,,Protéines,"22,23915",g,,,,Calcium,"1,65",mg,,,,,,,,,,,,,,,,Sandwichs estival,,,,
,"0,3",,Carottes,Primeur ou producteur,,,Lipides,"39,5931",g,,,,Vitamines C,"4,2",mg,,,,,,,,,,,,,,,,Sandwich thon tomate,,,,
,"0,3",,Oignons,Primeur ou producteur,,,Glucides,"30,68406",g,,Feta,100 g,Calories,242,kcal,suisse,,,,,,,,,,,,,,,Club sandwich,,,,
,"0,3",,Gousses d'ail,Primeur ou producteur,,,Calcium,"111,41475",mg,,,,Protéines,"14,8",g,,,,,,,,,,,,,,,,Pan bagnat revisité,,,,
,"0,6",c. à c.,Curry en poudre,Épicerie,,,Vitamines C,"2,3349",mg,,,,Lipides,"22,8",g,,,,,,,,,,,,,,,,Bahn Mi,,,,
,1,,Œufs,Épicerie,,,,,,,,,Glucides,"2,5",g,,,,,,,,,,,,,,,,Wraps au thon,,,,
,"0,5",c. à s.,Huile d'olive,Épicerie,,,,,,,,,Calcium,318,mg,,,,,,,,,,,,,,,,Wraps au poulet,,,,
,1,c. à s.,Huile neutre,Épicerie,,,,,,,,,Vitamines C,0,mg,,,,,,,,,,,,,,,,Salade dent de lion,,,,
,,,Sel & Poivre,Épicerie,,,,,,,Olives noires,100 g,Calories,152,kcal,suisse,,,,,,,,,,,,,,,Pop-corn au feu,,,,
Fougasse,125,g,Farine,Épicerie,"Versez dans un grand saladier la farine, le sel, la levure, l'huile et un peu d'eau. Pétrissez la pâte à la main en y ajoutant le reste de l'eau au fur et à mesure. Remettez-la dans le saladier et couvrez-le d'un torchon. Attendez que la pâte double ou triple de volume pendant 1h30 de pause, puis retirez-la du saladier et pétrissez-la de nouveau afin de chasser l'air qui se trouve à l'intérieur.

Coupez la pâte en deux dans le sens de la largeur. Aplatissez-la  jusqu'à 1 centimètre d'épaisseur avec la paume de votre main que vous aurez aspergé d'huile. Incisez la pâte de six traits en biais comme les nervures d'une feuille de chaque côté. Mettez l'emmental râpé par-dessus la pâte.

Faites cuire votre fougasse au feu sans flamme, sur une grille en retournant la fougasse régulièrement, pendant 10 à 15 minutes.","Ajoutez des garnitures dans la fougasse comme des olives ou des tomates séchées, ainsi que des herbes de Provence !",Calories,"723,3",kcal,,,,Protéines,"1,38",g,,,,,,,,,,,,,,,,Chamallows fait maison,,,,
,40,ml,Eau,,,,Protéines,"18,0575",g,,,,Lipides,"17,2",g,,,,,,,,,,,,,,,,Chamallows fait maison,,,,
,"2,5",g,Levure boulangère fraîche,Boulangerie,,,Lipides,"29,44175",g,,,,Glucides,"0,1",g,,,,,,,,,,,,,,,,,,,,
,"1,5",c. à s. ,Huile d'olive,Épicerie,,,Glucides,"95,3225",g,,,,Calcium,80,mg,,,,,,,,,,,,,,,,,,,,
,20,g,Fromage râpé,Fromagerie,,,Calcium,"218,87825",mg,,,,Vitamines C,"0,5",mg,,,,,,,,,,,,,,,,,,,,
,,,Sel & Poivre,Épicerie,,,Vitamines C,"0,1075",mg,,1 Oignon rouge,150 g,Calories,"58,5",kcal,,,,,,,,,,,,,,,,,,,,
Bruschetta tomate-basilic,"0,75",,Tomates,Primeur ou producteur,"Épluchez les gousses d'ail. Frottez l'ail sur les tranches de pain, versez un filet d'huile d'olive et faites-les griller sur une grille, sur le feu, durant quelques minutes, jusqu'à ce que le pain soit doré et croustillant.
 
Lavez les tomates. Les épépiner et les couper en morceaux. Dans un bol, mettez les tomates, un peu d'huile d'olive, du sel et du poivre, puis mélangez. Récupérez les tranches de pain du feu, disposez les tomates sur le dessus et dégustez.",Ajoutez des feuilles de basilic hachées ou de la mozzarella sur la bruschetta !,Calories,"377,05",kcal,,,,Protéines,"1,65",g,,,,,,,,,,,,,,,,,,,,
,"0,25",,Gousses d'ail,Primeur ou producteur,,,Protéines,"6,747",g,,,,Lipides,"0,93",g,,,,,,,,,,,,,,,,,,,,
,2,tranches,Pain de mie,Boulangerie,,,Lipides,"18,68515",g,,,,Glucides,"9,375",g,,,,,,,,,,,,,,,,,,,,
,1,c. à s. ,Huile d'olive,Épicerie,,,Glucides,"42,5485",g,,,,Calcium,"37,5",mg,,,,,,,,,,,,,,,,,,,,
,,,Sel & Poivre,Épicerie,,,Calcium,"104,4755",mg,,,,Vitamines C,"5,85",mg,,,,,,,,,,,,,,,,,,,,
,,,,,,,Vitamines C,"12,493",mg,,Bleu (fromage),100 g,Calories,333,kcal,,,,,,,,,,,,,,,,,,,,
Blinis et garnitures,"0,25",,Yaourts,Épicerie,"Mélangez les yaourts, les œufs, la farine et la levure chimique, assaisonnez et laissez reposer la pâte 1 heure à l'ombre.

Faites cuire les blinis sur une poêle avec un petit peu d'huile ou de beurre, et les retourner lorsque des trous apparaissent sur la face crue.

Servir les blinis avec les garnitures, et laisser les jeunes se servir et tartiner les garnitures sur leurs blinis.","N'hésitez pas à faire vous-même vos garnitures (houmous, tapenade, tzatzíki, etc. …) !",Calories,"171,66875",kcal,,,,Protéines,"19,9",g,,,,,,,,,,,,,,,,,,,,
,1,,Œufs,Épicerie,,,Protéines,"10,552625",g,,,,Lipides,"28,3",g,,,,,,,,,,,,,,,,,,,,
,"0,125",sachets,Levure chimique,Épicerie,,,Lipides,"6,938",g,,,,Glucides,0,g,,,,,,,,,,,,,,,,,,,,
,"18,75",g,Farine,Épicerie,,,Glucides,"17,205125",g,,,,Calcium,494,mg,,,,,,,,,,,,,,,,,,,,
,50,g,Garnitures salées,Épicerie,,,Calcium,"200,405",mg,,,,Vitamines C,0,mg,,,,,,,,,,,,,,,,,,,,
,,,Sel & Poivre,Épicerie,,,Vitamines C,"0,103125",mg,,1 Endive,150 g,Calories,"31,2",kcal,,,,,,,,,,,,,,,,,,,,
Légumes à croquer et garnitures,"0,333333333",,Concombres,Primeur ou producteur,"Épluchez les légumes, puis coupez-les concombres et les carottes en lamelles. 

Servez-les avec les garnitures, et laissez les jeunes se servir en légumes et en garnitures","N'hésitez pas à faire vous-même vos garnitures (houmous, tapenade, tzatzíki, etc. …) !",Calories,"27,88666664",kcal,,,,Protéines,"1,65",g,,,,,,,,,,,,,,,,,,,,
,"0,333333333",,Carottes,Primeur ou producteur,,,Protéines,"1,264666666",g,,,,Lipides,"0,3",g,,,,,,,,,,,,,,,,,,,,
,3,,Radis,Primeur ou producteur,,,Lipides,"0,2099999998",g,,,,Glucides,"4,725",g,,,,,,,,,,,,,,,,,,,,
,50,g,Garnitures salées,Épicerie,,,Glucides,"3,958666663",g,,,,Calcium,"35,85",mg,,,,,,,,,,,,,,,,,,,,
,,,,,,,Calcium,"45,69999996",mg,,,,Vitamines C,"2,25",mg,,,,,,,,,,,,,,,,,,,,
,,,,,,,Vitamines C,"19,58333332",mg,,1 Pomme,140 g,Calories,77,kcal,suisse,,,,,,,,,,,,,,,,,,,
Pancakes avec garnitures,"62,5",g,Farine,Épicerie,"Tamisez la farine et la levure dans un saladier. Ajoutez le sucre, le sucre vanillé et le sel. Creusez un puit dans le mélange, ajoutez les œufs, le beurre fondu et un peu de lait puis travaillez la pâte. Mouillez progressivement avec le reste du lait jusqu'à ce que la pâte forme un ruban.

Ensuite, faites cuire les pancakes dans une petite poêle beurrée bien chaude. Versez une demie louche de préparation et faites cuire 2 à 3 minutes le temps que des bulles se forment à la surface. Retournez et faites cuire 2 minutes sur l'autre face.","N'hésitez pas à faire vous-même vos garnitures (confiture, beurre de cacahuète, compote, pâte à tartiner, etc. …) !",Calories,"478,2825",kcal,,,,Protéines,"0,35",g,,,,,,,,,,,,,,,,,,,,
,"12,5",g,Beurre,Épicerie,,,Protéines,"12,88795",g,,,,Lipides,"0,35",g,,,,,,,,,,,,,,,,,,,,
,"18,75",g,Sucre,Épicerie,,,Lipides,"15,11675",g,,,,Glucides,"16,24",g,,,,,,,,,,,,,,,,,,,,
,"0,5",,Œufs,Épicerie,,,Glucides,"71,765",g,,,,Calcium,"7,476",mg,,,,,,,,,,,,,,,,,,,,
,100,ml,Lait,Épicerie,,,Calcium,"332,106875",mg,,,,Vitamines C,"8,75",mg,,,,,,,,,,,,,,,,,,,,
,"0,2",sachets,Levure chimique,Épicerie,,,Vitamines C,"1,39",mg,,1 Noix,7 g,Calories,"49,63",kcal,,,,,,,,,,,,,,,,,,,,
,50,g,Garnitures sucrées,Épicerie,,,,,,,,,Protéines,"0,931",g,,,,,,,,,,,,,,,,,,,,
Boules d'énergie,12,g,Flocons d'avoine,Épicerie,"Il suffit de mettre tous les ingrédients dans un saladier et de mélanger le tout à la main.

Une fois la préparation homogène, formez des petites boules dans le creux de votre main. Réservez ensuite la préparation au frais quelques heures pour que les boules se figent bien.","N'hésitez pas à changer les ingrédients solides par d'autres (noisettes, noix, amandes, etc. …) !",Calories,"401,6211319",kcal,,,,Lipides,"4,711",g,,,,,,,,,,,,,,,,,,,,
,"7,333333333",g,Noix de coco,Épicerie,,,Protéines,"84,64727287",g,,,,Glucides,"0,4816",g,,,,,,,,,,,,,,,,,,,,
,"17,33333333",g,Beurre de cacahuète,Épicerie,,,Lipides,"95,81900325",g,,,,Calcium,"5,25",mg,,,,,,,,,,,,,,,,,,,,
,12,g,Graines de sésame,Épicerie,,,Glucides,"106,4530715",g,,,,Vitamines C,"0,0539",mg,,,,,,,,,,,,,,,,,,,,
,1,c. à s.,Miel,Épicerie,,,Calcium,"225,0799683",mg,,Crème fraîche épaisse,100 g = 100 mL,Calories,295,kcal,,,,,,,,,,,,,,,,,,,,
,"13,33333333",g,Pépites de chocolat,Épicerie,,,Vitamines C,"79,63647328",mg,,,,Protéines,"2,47",g,,,,,,,,,,,,,,,,,,,,
Compote de fruit fait-maison,100,g,Fruits abimés ou vieux,Primeur ou producteur,"Lavez et épluchez vos fruits. Coupez-les en cubes et mettez-les dans une cocotte ou grande casserole. Ajoutez un peu d'eau, le sucre et le beurre. Laissez cuire 15 minutes environ.

Si vous aimez les compotes avec morceaux, laissez-la comme ça, sinon écrasez votre compote à la fourchette.","N'hésitez pas à ajouter des épices dans votre compote (cannelle, vanille, etc. …) !",Calories,"134,55",kcal,,,,Lipides,"30,5",g,,,,,,,,,,,,,,,,,,,,
,20,g,Sucre,Épicerie,,,Protéines,"0,05775",g,,,,Glucides,"2,19",g,,,,,,,,,,,,,,,,,,,,
,"7,5",g,Beurre,Épicerie,,,Lipides,"6,0375",g,,,,Calcium,"76,9",mg,,,,,,,,,,,,,,,,,,,,
,,,,,,,Glucides,"19,98125",g,,,,Vitamines C,"0,5",mg,,,,,,,,,,,,,,,,,,,,
,,,,,,,Calcium,"2,118",mg,,1 botte Ciboulette fraîche,100 g,Calories,"29,9",kcal,,,,,,,,,,,,,,,,,,,,
,,,,,,,Vitamines C,0,mg,,,,Protéines,"2,62",g,,,,,,,,,,,,,,,,,,,,
Crêpes,"62,5",g,Farine,Épicerie,"Mettez la farine dans un saladier avec le sucre. Faites un puits au milieu et versez-y les œufs. Commencez à mélanger doucement. Quand le mélange devient épais, ajoutez le lait froid petit à petit. Quand tout le lait est mélangé, la pâte doit être assez fluide. Si elle vous paraît trop épaisse, rajoutez un peu de lait. Ajoutez ensuite le beurre fondu refroidi, mélangez bien.

Faites cuire les crêpes dans une poêle chaude légèrement huilée. Versez une petite louche de pâte dans la poêle, faites un mouvement de rotation pour répartir la pâte sur toute la surface. Posez sur le feu et quand le tour de la crêpe se colore en roux clair, il est temps de la retourner. Laissez cuire environ une minute de ce côté et la crêpe est prête.","N'hésitez pas à ajouter des garnitures faits maison (confiture, beurre de cacahuète, compote, pâte à tartiner, etc. …) !",Calories,"475,45",kcal,,,,Lipides,"0,52",g,,,,,,,,,,,,,,,,,,,,
,1,,Œufs,Épicerie,,,Protéines,"17,47875",g,,,,Glucides,"2,1",g,,,,,,,,,,,,,,,,,,,,
,125,ml,Lait,Épicerie,,,Lipides,"18,45425",g,,,,Calcium,"92,8",mg,,,,,,,,,,,,,,,,,,,,
,5,g,Sucre,Épicerie,,,Glucides,"58,67825",g,,,,Vitamines C,"39,7",mg,,,,,,,,,,,,,,,,,,,,
,"12,5",g,Beurre,Épicerie,,,Calcium,"204,4395",mg,,1 Chou blanc,1500 g,Calories,426,kcal,,,,,,,,,,,,,,,,,,,,
,,,,,,,Vitamines C,"1,7375",mg,,,,Protéines,"18,75",g,,,,,,,,,,,,,,,,,,,,
Pâte à tartiner fait-maison,7,g,Noisettes,Primeur ou producteur,"Cassez le chocolat en morceaux, puis faites-le fondre avec le beurre dans une casserole en remuant bien. Ajoutez-y le lait et le sucre tout en mélangeant.

Brisez les noisettes très finement, puis incorporez-les dans le mélange chocolaté. Mélangez à nouveau pendant une petite minute. Mettez votre pâte à tartiner maison dans un pot en verre stérilisé.","Au lieu de mettre du beurre, vous pouvez mettre de l'huile d'arachide pour avoir un goût d'arachide plus prononcé !",Calories,"99,815",kcal,,,,Lipides,3,g,,,,,,,,,,,,,,,,,,,,
,18,g,Chocolat,Épicerie,,,Protéines,"0,3925",g,,,,Glucides,"63,75",g,,,,,,,,,,,,,,,,,,,,
,"7,5",ml,Lait,Épicerie,,,Lipides,"8,48275",g,,,,Calcium,"763,5",mg,,,,,,,,,,,,,,,,,,,,
,10,g,Beurre,Épicerie,,,Glucides,"5,43645",g,,,,Vitamines C,687,mg,,,,,,,,,,,,,,,,,,,,
,5,g,Sucre,Épicerie,,,Calcium,"11,3045",mg,,1 Chou rouge,1500 g,Calories,"436,5",kcal,,,,,,,,,,,,,,,,,,,,
,,,,,,,Vitamines C,"0,10675",mg,,,,Protéines,"20,1",g,,,,,,,,,,,,,,,,,,,,
Biscuits et gâteaux,"0,1",,Œufs,Épicerie,"Cassez les œufs dans un saladier et y ajouter le sucre. Mélangez avec une cuillère de bois ou un fouet jusqu'à ce que l'appareil blanchisse. Ajoutez la farine, puis mélangez avec les doigts pour obtenir une pâte sablée. Ajoutez le beurre et pétrir pour obtenir une pâte bien homogène. Frappez la pâte en la lançant d'une main à l'autre jusqu'à obtenir une boule régulière. Si la pâte semble trop grasse et molle, y rajouter un peu de farine. Laissez reposer la pâte au réfrigérateur durant un quart d'heure.

Etalez de la farine sur la table et sur le rouleau à pâtisserie, puis étaler la pâte sur 5 millimètres d'épaisseur. Découpez au couteau, à l'emporte-pièces ou avec un verre les formes que vous souhaitez. Posez ces formes sur une tôle beurrée ou recouverte de papier sulfurisé. Placez la plaque sur un feu chaud mais sans flammes ou dans des papillotes en argile, et laissez cuire sur le feu pendant 20 minutes environ, en fonction de la cuisson des biscuits (retourner à mi-cuisson si cuisson sur grille).","N'hésitez pas à rajouter des arômes naturels dans la pâte ou des garnitures (pépites de chocolat, confiture, etc. …) !",Calories,"236,53",kcal,,,,Lipides,"2,7",g,,,,,,,,,,,,,,,,,,,,
,12,g,Sucre,Épicerie,,,Protéines,"3,12325",g,,,,Glucides,"67,5",g,,,,,,,,,,,,,,,,,,,,
,25,g,Farine,Épicerie,,,Lipides,"10,8648",g,,,,Calcium,672,mg,,,,,,,,,,,,,,,,,,,,
,"12,5",g,Beurre,Épicerie,,,Glucides,"31,02395",g,,,,Vitamines C,"877,5",mg,,,,,,,,,,,,,,,,,,,,
,,,,,,,Calcium,"11,7008",mg,,1 Céléri en branche,500 g,Calories,"107,5",kcal,,,,,,,,,,,,,,,,,,,,
,,,,,,,Vitamines C,0,mg,,,,Protéines,"3,3",g,,,,,,,,,,,,,,,,,,,,
Gâteau cuit au feu,"0,166666667",,Yaourts,Épicerie,"Mélangez tous les ingrédients ensemble dans un saladier.

Versez la pâte dans une poêle beurrée, puis faites cuire le gâteau 5 minutes par face sur le feu. Augmentez ou diminuez le temps de cuisson en fonction du feu. Laissez tiédir avant de démouler","N'hésitez pas à ajouter des fruits ou des garnitures (noix, pépites de chocolat, etc. …) dans le gâteau !",Calories,"496,8791672",kcal,,,,Lipides,"0,95",g,,,,,,,,,,,,,,,,,,,,
,"0,5",,Œufs,Épicerie,,,Protéines,"9,371416689",g,,,,Glucides,18,g,,,,,,,,,,,,,,,,,,,,
,25,g,Beurre,Épicerie,,,Lipides,"24,08775001",g,,,,Calcium,242,mg,,,,,,,,,,,,,,,,,,,,
,20,g,Sucre,Épicerie,,,Glucides,"60,25975014",g,,,,Vitamines C,"30,25",mg,,,,,,,,,,,,,,,,,,,,
,"0,166666667",sachets,Levure chimique,Épicerie,,,Calcium,"212,4530304",mg,,Blanc de poulet fumé,100 g,Calories,137,kcal,,,,,,,,,,,,,,,,,,,,
,50,g,Farine,Épicerie,,,Vitamines C,"0,06875000138",mg,,,,Protéines,"29,2",g,,,,,,,,,,,,,,,,,,,,
Riz au lait,250,ml,Lait,Épicerie,"Faire bouillir le lait avec le sucre et l'extrait de vanille. Lorsque le lait bout, jeter le riz en pluie dans la casserole et diminuer le feu pour que l'ébullition soit très lente, le riz doit cuire très lentement.

Lorsque le riz affleure le lait, arrêtez le feu et laissez refroidir le mélange. Le riz va finir de s'imbiber de lait en refroidissant.",Rajoutez des zestes de citron ou d'orange dans le riz au lait !,Calories,"253,375",kcal,,,,Lipides,"1,76",g,,,,,,,,,,,,,,,,,,,,
,25,g,Riz,Épicerie,,,Protéines,"9,96",g,,,,Glucides,"1,2",g,,,,,,,,,,,,,,,,,,,,
,"12,5",g,Sucre,Épicerie,,,Lipides,"4,1525",g,,,,Calcium,"12,9",mg,,,,,,,,,,,,,,,,,,,,
,,,Extrait de vanille,Épicerie,,,Glucides,"44,0125",g,,,,Vitamines C,0,mg,,,,,,,,,,,,,,,,,,,,
,,,,,,,Calcium,"298,71125",mg,,1 tige Basilic,15 g,Calories,"5,13",kcal,,,,,,,,,,,,,,,,,,,,
,,,,,,,Vitamines C,"3,475",mg,,,,Protéines,"0,483",g,,,,,,,,,,,,,,,,,,,,
Fromage blanc/faisselle avec garnitures,100,g,Fromage blanc,Épicerie,"Rien de plus simple, servez directement le fromage blanc et la garniture, les jeunes s'occupent de repartir entre eux les différentes garnitures.","N'hésitez pas à faire vous-même vos garnitures (confiture, beurre de cacahuète, compote, pâte à tartiner, etc. …) !",Calories,"87,8",kcal,,,,Lipides,"0,0705",g,,,,,,,,,,,,,,,,,,,,
,30,g,Garnitures sucrées,Épicerie,,,Protéines,"7,18",g,,,,Glucides,"0,3825",g,,,,,,,,,,,,,,,,,,,,
,,,,,,,Lipides,"4,5",g,,,,Calcium,"40,95",mg,,,,,,,,,,,,,,,,,,,,
,,,,,,,Glucides,"4,64",g,,,,Vitamines C,"2,175",mg,,,,,,,,,,,,,,,,,,,,
,,,,,,,Calcium,119,mg,,Raisins secs,100 g,Calories,283,kcal,,,,,,,,,,,,,,,,,,,,
,,,,,,,Vitamines C,"0,11",mg,,,,Protéines,"2,09",g,,,,,,,,,,,,,,,,,,,,
Yaourt,100,ml,Lait,Épicerie,"Chauffez le lait à environ 40 °C (on doit pouvoir tremper le doigts dedans sans se brûler). Ajoutez le yaourt dans le lait en remuant bien, et sucrez si nécessaire.

Remplissez des pots en verre avec ce mélange et refermez-les, puis laissez-les refroidir.","N'hésitez pas à ajouter des garnitures (sucre, citron, miel, chocolat, etc. …) !",Calories,"54,1875",kcal,,,,Lipides,"0,49",g,,,,,,,,,,,,,,,,,,,,
,"0,1",,Yaourts,Épicerie,,,Protéines,"3,76375",g,,,,Glucides,"62,4",g,,,,,,,,,,,,,,,,,,,,
,,,,,,,Lipides,"1,92125",g,,,,Calcium,"63,8",mg,,,,,,,,,,,,,,,,,,,,
,,,,,,,Glucides,"5,77875",g,,,,Vitamines C,"3,47",mg,,,,,,,,,,,,,,,,,,,,
,,,,,,,Calcium,"131,625",mg,,Champignons de paris,100 g,Calories,"21,1",kcal,,,,,,,,,,,,,,,,,,,,
,,,,,,,Vitamines C,"1,43125",mg,,,,Protéines,"2,62",g,,,,,,,,,,,,,,,,,,,,
Rose des sables,"42,5",g,Corn flakes,Épicerie,"Faites fondre au feu ou au bain-marie le chocolat et le beurre coupés en morceaux. Dès que le tout est fondu, sortez-le du feu et ajoutez le sucre, puis mélangez bien le tout. Ajoutez ensuite les corn flakes au mélange, puis mélangez bien.

Formez des boules à l'aide de vos mains ou de 2 cuillères, et déposez les sur une plaque ou une gamelle. Laissez-les refroidir plusieurs heures, jusqu'à ce que les boules soient solides.",N'hésitez pas à rajouter des noix ou des noisettes concassées dans le mélange chocolaté !,Calories,"599,975",kcal,,,,Lipides,"0,36",g,,,,,,,,,,,,,,,,,,,,
,25,g,Beurre,Épicerie,,,Protéines,"6,12375",g,,,,Glucides,"1,33",g,,,,,,,,,,,,,,,,,,,,
,"12,5",g,Sucre,Épicerie,,,Lipides,"34,06975",g,,,,Calcium,"6,03",mg,,,,,,,,,,,,,,,,,,,,
,"37,5",g,Chocolat noir,Épicerie,,,Glucides,"65,1725",g,,,,Vitamines C,"3,09",mg,,,,,,,,,,,,,,,,,,,,
,,,,,,,Calcium,"107,26125",mg,,1 bouquet garni,100 g,Calories,319,kcal,,,,,,,,,,,,,,,,,,,,
,,,,,,,Vitamines C,"0,06",mg,,,,Protéines,"8,36",g,,,,,,,,,,,,,,,,,,,,
Pain d'épice,"31,25",g,Farine,Épicerie,"Mélangez tous les ingrédients ensemble dans un saladier.

Versez la pâte dans une poêle beurrée, puis faites cuire le gâteau 5 minutes par face sur le feu. Augmentez ou diminuez le temps de cuisson en fonction du feu. Laissez tiédir avant de démouler","N'hésitez pas à ajouter des noix, des fruits secs ou confits dans la pâte avant la cuisson !",Calories,"248,045",kcal,,,,Lipides,"7,895",g,,,,,,,,,,,,,,,,,,,,
,2,c. à s.,Miel,Épicerie,,,Protéines,"3,335725",g,,,,Glucides,"37,75",g,,,,,,,,,,,,,,,,,,,,
,"12,5",ml,Crème fraîche épaisse,Épicerie,,,Lipides,"4,10235",g,,,,Calcium,1362,mg,,,,,,,,,,,,,,,,,,,,
,"0,125",sachets,Levure chimique,Épicerie,,,Glucides,"48,92375",g,,,,Vitamines C,"48,25",mg,,,,,,,,,,,,,,,,,,,,
,"0,125",c. à c.,Mélange 4 épices,Épicerie,,,Calcium,"131,0815",mg,,Mozarella,100 g,Calories,256,kcal,suisse,,,,,,,,,,,,,,,,,,,
,,,,,,,Vitamines C,"0,4005",mg,,,,Protéines,"16,9",g,,,,,,,,,,,,,,,,,,,,
Pain trappeur avec garnitures,"41,66666667",g,Farine,Épicerie,"Mélangez la levure et l'eau à température ambiante. Ajoutez la farine à la préparation, et mélangez jusqu’à ce que la pâte se décolle de la paroi du saladier.

Faites reposer la pâte au moins deux heures à température ambiante, dans le saladier recouvert d’un torchon.

A la fin du repos de la pâte, travaillez-la sur un plan de travail fariné. Créez ensuite un long boudin avec la pâte, puis enroulez-le sur une longue branche, dénuée de toute écorce. Installez la branche au-dessus d'un feu chaud mais sans flamme pendant une bonne heure. C’est cuit lorsque le pain se dégage facilement de la branche.","Ajoutez des garnitures salées (noix, olives, tomates séchées, herbes, etc. …) ou sucrés (pépites de chocolat, fruits, etc. …) dans la pâte après son repos !",Calories,"149,2933333",kcal,,,,Lipides,"19,7",g,,,,,,,,,,,,,,,,,,,,
,1,g,Levure boulangère fraîche,Épicerie,,,Protéines,"4,22",g,,,,Glucides,"1,33",g,,,,,,,,,,,,,,,,,,,,
,"0,083333333",c. à c. ,Sel,Épicerie,,,Lipides,"0,4178666667",g,,,,Calcium,545,mg,,,,,,,,,,,,,,,,,,,,
,"31,25",ml,Eau,,,,Glucides,"31,804",g,,,,Vitamines C,0,mg,,,,,,,,,,,,,,,,,,,,
,,,,,,,Calcium,"7,550000001",mg,,1 Melon,1000 g,Calories,330,kcal,,,,,,,,,,,,,,,,,,,,
,,,,,,,Vitamines C,"0,003",mg,,,,Protéines,"7,3",g,,,,,,,,,,,,,,,,,,,,
Pain avec garnitures,"0,25",,Baguettes de pain,Boulangerie,"Rien de plus simple, donner juste le pain et la garniture aux jeunes, et laissez-les se débrouiller pour la répartition et la mise en place !",N'hésitez pas à faire le pain vous-même !,Calories,"176,875",kcal,,,,Lipides,2,g,,,,,,,,,,,,,,,,,,,,
,40,g,Garnitures sucrées,Épicerie,,,Protéines,"5,34375",g,,,,Glucides,"65,7",g,,,,,,,,,,,,,,,,,,,,
,,,,,,,Lipides,"1,5625",g,,,,Calcium,123,mg,,,,,,,,,,,,,,,,,,,,
,,,,,,,Glucides,"33,875",g,,,,Vitamines C,288,mg,,,,,,,,,,,,,,,,,,,,
,,,,,,,Calcium,"12,5",mg,,1 pastèque,3500 g,Calories,"1221,5",kcal,,,,,,,,,,,,,,,,,,,,
,,,,,,,Vitamines C,"3,125",mg,,,,Protéines,"21,7",g,,,,,,,,,,,,,,,,,,,,
Brioche avec garnitures,75,g,Brioche,Boulangerie,"Rien de plus simple, donner juste la brioche et la garniture aux jeunes, et laissez-les se débrouiller pour la répartition et la mise en place !",N'hésitez pas à faire la brioche vous-même ou à acheter de la brioche au chocolat ou aux pralines !,Calories,"280,5",kcal,,,,Lipides,"4,55",g,,,,,,,,,,,,,,,,,,,,
,40,g,Garnitures sucrées,Épicerie,,,Protéines,"7,3575",g,,,,Glucides,"258,3",g,,,,,,,,,,,,,,,,,,,,
,,,,,,,Lipides,"11,025",g,,,,Calcium,"44,8",mg,,,,,,,,,,,,,,,,,,,,
,,,,,,,Glucides,"36,9",g,,,,Vitamines C,"339,5",mg,,,,,,,,,,,,,,,,,,,,
,,,,,,,Calcium,"22,5",mg,,1 radis,10 g,Calories,"1,14",kcal,,,,,,,,,,,,,,,,,,,,
,,,,,,,Vitamines C,0,mg,,,,Protéines,"0,076",g,,,,,,,,,,,,,,,,,,,,
Gaufres,"13,33333333",g,Beurre,Épicerie,"/!\ ATTENTION /!\
Pour cette recette, il vous faut un moule à gaufre qui peut aller au feu.

Faites fondre le beurre, et mélangez-le au sucre. Battez les œufs à la fourchette ou au fouet, et ajoutez-les au mélange. Joignez la farine tamisée avec la levure en poudre. Versez le lait petit à petit, en délayant le mélange pour ne pas faire de grumeaux.

Graissez le gaufrier avec du beurre ou de l'huile neutre, et faites-les cuire pendant 2 à 3 minutes en retournant fréquemment le moule.","N'hésitez pas à ajouter des noix, des fruits secs ou confits dans la pâte avant la cuisson !",Calories,"327,8849999",kcal,,,,Lipides,"0,01",g,,,,,,,,,,,,,,,,,,,,
,"12,5",g,Sucre,Épicerie,,,Protéines,"8,31893333",g,,,,Glucides,"0,124",g,,,,,,,,,,,,,,,,,,,,
,"0,5",,Œufs,Épicerie,,,Lipides,"14,62183333",g,,,,Calcium,"3,2",mg,,,,,,,,,,,,,,,,,,,,
,"33,33333333",g,Farine,Épicerie,,,Glucides,"40,25716664",g,,,,Vitamines C,"2,75",mg,,,,,,,,,,,,,,,,,,,,
,"41,66666667",ml,Lait,Épicerie,,,Calcium,"169,6879167",mg,,1 baguette de pain,250 g,Calories,"707,5",kcal,,,,,,,,,,,,,,,,,,,,
,"0,1",sachets,Levure chimique,Épicerie,,,Vitamines C,"0,5791666667",mg,,,,Protéines,"21,375",g,,,,,,,,,,,,,,,,,,,,
Pudding revisité avec garnitures,50,g,Flocons d'avoine,Épicerie,"Faites bouillir l'eau dans une casserole, et ajoutez-y les flocons d'avoine. Remuez bien le tout pendant 5 minutes.

Enlevez le tout du feu et laissez refroidir le mélange, au moins une heure, voire toute la nuit si possible. 

Juste avant de servir, ajoutez le miel et mélangez l'ensemble.","N'hésitez pas à ajouter des noix, des fruits secs ou frais dans la pâte avant la cuisson !",Calories,"281,6",kcal,,,,Lipides,"6,25",g,,,,,,,,,,,,,,,,,,,,
,350,ml,Eau,,,,Protéines,"6,806",g,,,,Glucides,"135,5",g,,,,,,,,,,,,,,,,,,,,
,"1,5",c. à s.,Miel,Épicerie,,,Lipides,"3,255",g,,,,Calcium,50,mg,,,,,,,,,,,,,,,,,,,,
,,,,,,,Glucides,"53,34",g,,,,Vitamines C,"12,5",mg,,,,,,,,,,,,,,,,,,,,
,,,,,,,Calcium,"44,529",mg,,beurre,100 g,Calories,730,kcal,,,,,,,,,,,,,,,,,,,,
,,,,,,,Vitamines C,"0,24",mg,,,,Protéines,"0,77",g,,,,,,,,,,,,,,,,,,,,
Granola fait maison,70,g,Flocons d'avoine,Épicerie,"Cassez les fruits à coques de telle manière que cela fasse des petit morceaux. Mettez tous les ingrédients dans un saladier moyen et mélangez quelques minutes jusqu'à ce que tout soit bien mélangé. Etalez le tout sur une plaque,  couvrez et placer sur un feu assez chaud mais sans flamme, en mélangeant toutes les 5 minutes, jusqu'à ce que ce soit suffisamment coloré.

Mélangez une dernière fois et laissez le granola refroidir sur la plaque. Mettez le granola dans un récipient hermétique et conservez-le à température ambiante.",N'hésitez pas à rajouter des pépites de chocolat ou des fruits secs dans le granola !,Calories,"716,89",kcal,,,,Lipides,"80,5",g,,,,,,,,,,,,,,,,,,,,
,"42,5",g,Mélange de fruits à coques,Primeur ou producteur,,,Protéines,"12,29885",g,,,,Glucides,"0,55",g,,,,,,,,,,,,,,,,,,,,
,"0,5",c. à s.,Huile neutre ,Épicerie,,,Lipides,"40,2331",g,,,,Calcium,"18,4",mg,,,,,,,,,,,,,,,,,,,,
,"1,5",c. à s.,Miel,Épicerie,,,Glucides,"68,6955",g,,,,Vitamines C,0,mg,,,,,,,,,,,,,,,,,,,,
,"0,25",c. à c.,Cannelle,Épicerie,,,Calcium,"74,30125",mg,,1 œuf,60 g,Calories,84,kcal,,,,,,,,,,,,,,,,,,,,
,,,,,,,Vitamines C,"0,8965",mg,,,,Protéines,"7,62",g,,,,,,,,,,,,,,,,,,,,
Chocolat chaud,250,ml,Lait,Épicerie,,N'hésitez pas à rajouter de la cannelle ou de l'extrait de vanille dans la préparation !,Calories,"356,65",kcal,,,,Lipides,"5,898",g,,,,,,,,,,,,,,,,,,,,
,40,g,Chocolat noir,Épicerie,,,Protéines,"11,172",g,,,,Glucides,"0,162",g,,,,,,,,,,,,,,,,,,,,
,5,g,Sucre,Épicerie,,,Lipides,"18,405",g,,,,Calcium,"46,08",mg,,,,,,,,,,,,,,,,,,,,
,,,,,,,Glucides,"35,395",g,,,,Vitamines C,0,mg,,,,,,,,,,,,,,,,,,,,
,,,,,,,Calcium,"342,9845",mg,,lentilles sèches,100 g,Calories,332,kcal,,,,,,,,,,,,,,,,,,,,
,,,,,,,Vitamines C,"3,539",mg,,,,Protéines,"25,4",g,,,,,,,,,,,,,,,,,,,,
Thé,200,ml,Eau,,"Faites bouillir de l'eau, mettez-le thé dans une boule à thé ou un équivalent, puis sortez l'eau bouillante du feu et faites infuser le thé pendant 2 à 3 minutes dans une théière ou un récipient équivalent.",N'hésitez pas à faire votre thé vous-même avec des plantes locales !,Calories,0,kcal,,,,Lipides,"1,34",g,,,,,,,,,,,,,,,,,,,,
,2,g,Thé,Épicerie,,,Protéines,0,g,,,,Glucides,"50,6",g,,,,,,,,,,,,,,,,,,,,
,,,,,,,Lipides,0,g,,,,Calcium,"45,4",mg,,,,,,,,,,,,,,,,,,,,
,,,,,,,Glucides,0,g,,,,Vitamines C,"4,5",mg,,,,,,,,,,,,,,,,,,,,
,,,,,,,Calcium,0,mg,,1 pomme de terre,100 g,Calories,"76,6",kcal,,,,,,,,,,,,,,,,,,,,
,,,,,,,Vitamines C,0,mg,,,,Protéines,"2,16",g,,,,,,,,,,,,,,,,,,,,
Smoothies,150,g,Fruits frais locaux,Primeur ou producteur,"Épluchez les fruits qui nécessitent d'être épluchés, puis mixez ou pressez les fruits. Mélangez avec le yaourt et le jus de citron, puis servez.","N'hésitez pas à rajoutez des plantes locales (menthe, verveine, etc. …) !",Calories,"40,9875",kcal,,,,Lipides,"0,18",g,,,,,,,,,,,,,,,,,,,,
,"0,5",,Yaourts,Épicerie,,,Protéines,"2,43275",g,,,,Glucides,"15,2",g,,,,,,,,,,,,,,,,,,,,
,"0,25",c. à s.,Jus de citron,Primeur ou producteur,,,Lipides,"1,7664",g,,,,Calcium,"14,3",mg,,,,,,,,,,,,,,,,,,,,
,,,,,,,Glucides,"5,00725",g,,,,Vitamines C,"18,9",mg,,,,,,,,,,,,,,,,,,,,
,,,,,,,Calcium,"78,51",mg,,1 poireau,150 g,Calories,"48,9",kcal,,,,,,,,,,,,,,,,,,,,
,,,,,,,Vitamines C,"1,07425",mg,,,,Protéines,"2,385",g,,,,,,,,,,,,,,,,,,,,
Jus de fruits frais,150,g,Fruits frais locaux,Primeur ou producteur,"Épluchez les fruits qui nécessitent d'être épluchés, puis mixez ou pressez les fruits. Mélangez l'ensemble et servez.",N'hésitez pas à mélanger différents fruits !,Calories,"67,5",kcal,,,,Lipides,"0,375",g,,,,,,,,,,,,,,,,,,,,
,,,,,,,Protéines,"0,99",g,,,,Glucides,"7,35",g,,,,,,,,,,,,,,,,,,,,
,,,,,,,Lipides,"0,3",g,,,,Calcium,"76,05",mg,,,,,,,,,,,,,,,,,,,,
,,,,,,,Glucides,"14,16",g,,,,Vitamines C,"27,75",mg,,,,,,,,,,,,,,,,,,,,
,,,,,,,Calcium,"15,75",mg,,1 navet,200 g,Calories,"53,6",kcal,,,,,,,,,,,,,,,,,,,,
,,,,,,,Vitamines C,"78,9",mg,,,,Protéines,"1,64",g,,,,,,,,,,,,,,,,,,,,
Fruits frais,150,g,Fruits frais locaux,Primeur ou producteur,-,-,Calories,"80,25",kcal,,,,Lipides,"0,2",g,,,,,,,,,,,,,,,,,,,,
,,,,,,,Protéines,"0,75",g,,,,Glucides,"9,4",g,,,,,,,,,,,,,,,,,,,,
,,,,,,,Lipides,"0,75",g,,,,Calcium,80,mg,,,,,,,,,,,,,,,,,,,,
,,,,,,,Glucides,"16,8",g,,,,Vitamines C,37,mg,,,,,,,,,,,,,,,,,,,,
,,,,,,,Calcium,"5,25",mg,,orties,100 g,Calories,57,kcal,les-calories.com,,,,,,,,,,,,,,,,,,,
,,,,,,,Vitamines C,"5,205",mg,,,,Protéines,"5,5",g,les-calories.com,,,,,,,,,,,,,,,,,,,
Salade d'épeautre,50,g,Épeautre,Épicerie,"Rincez l’épeautre et le faire tremper pendant 12h dans un grand bol d’eau froide, avant de le faire cuire 30 minutes dans de l’eau bouillante salée. Égouttez l’épeautre et laissez refroidir.

Lavez le poivron et le faire griller sur le feu pendant environ 25 minutes en le retournant de temps en temps. Dès que la peau est bien noire, laissez refroidir le poivron. Pelez ensuite le poivron et le couper en dès après avoir retiré les graines.

Épépinez et coupez-les tomates en petits morceaux, ciselez le bouquet de persil, coupez-les olives en petits morceaux, et tout mélanger dans un saladier avec l’épeautre les tomates

Ajoutez la gousse d’ail pressée, l’huile d’olive, le vinaigre, le jus de citron, salez et poivrez et bien mélanger. Réservez au frais.","N'hésitez pas à rajouter des tomates séchées, des pignons ou d'autres garnitures salées !",Calories,"300,3375",kcal,,,,Lipides,"0,7",g,les-calories.com,,,,,,,,,,,,,,,,,,,
,"0,5",,Tomates,Primeur ou producteur,,,Protéines,"9,375275",g,,,,Glucides,"7,1",g,les-calories.com,,,,,,,,,,,,,,,,,,,
,"0,25",,Poivrons,Primeur ou producteur,,,Lipides,"11,74915",g,,,,Calcium,630,mg,"L’ortie c’est Malin, Alix Lefief-Delcourt, Editions Leduc.s",,,,,,,,,,,,,,,,,,,
,"0,25",bouquets,Persil plat,Épicerie,,,Glucides,"34,8985",g,,,,Vitamines C,333,mg,"L’ortie c’est Malin, Alix Lefief-Delcourt, Editions Leduc.s",,,,,,,,,,,,,,,,,,,
,15,g,Olives noires,Primeur ou producteur,,,Calcium,"88,72525",mg,,pois cassés,100 g,Calories,344,kcal,,,,,,,,,,,,,,,,,,,,
,"0,25",,Gousses d'ail,Primeur ou producteur,,,Vitamines C,"112,81175",mg,,,,Protéines,"22,8",g,,,,,,,,,,,,,,,,,,,,
,"0,5",c. à s. ,Huile d'olive,Épicerie,,,,,,,,,Lipides,"1,44",g,,,,,,,,,,,,,,,,,,,,
,"0,25",c. à s. ,Vinaigre,Épicerie,,,,,,,,,Glucides,52,g,,,,,,,,,,,,,,,,,,,,
,"0,25",c. à s. ,Jus de citron,Primeur ou producteur,,,,,,,,,Calcium,"37,4",mg,,,,,,,,,,,,,,,,,,,,
,,,Sel & Poivre,Épicerie,,,,,,,,,Vitamines C,"1,4",mg,,,,,,,,,,,,,,,,,,,,
Salade de riz,70,g,Riz,Épicerie,"Faites cuire le riz une dizaine de minutes dans de l'eau bouillante salée, puis égouttez-le. Faites cuire les œufs 9 minutes dans de l'eau bouillante, puis enlevez la coquille des œufs. Faites cuire le thon.

Lavez les poivrons, épépinez-les et coupez-les en dés. Emiettez le thon, coupez-les tomates en dés et les œufs en petits morceaux.

Mélangez le tout avec l’huile d’olive, le vinaigre, le jus de citron, salez et poivrez dans un grand saladier. Réservez au frais.

Option végétarienne : Vous pouvez retirer le thon et ajouter du maïs, des coeurs de palmier ou d'artichaut.","N'hésitez pas à rajouter des tomates séchées, des pignons ou d'autres garnitures salées !",Calories,"468,75",kcal,,emmental,100 g,Calories,246,kcal,,,,,,,,,,,,,,,,,,,,
,1,,Œufs,Épicerie,,,Protéines,"19,86615",g,,,,Protéines,"30,6",g,,,,,,,,,,,,,,,,,,,,
,25,g,Thon,Poissonnerie,,,Lipides,"15,8024",g,,,,Lipides,14,g,,,,,,,,,,,,,,,,,,,,
,1,,Tomates,Primeur ou producteur,,,Glucides,"59,8905",g,,,,Glucides,0,g,,,,,,,,,,,,,,,,,,,,
,"0,25",,Poivrons,Primeur ou producteur,,,Calcium,"85,394",mg,,,,Calcium,950,mg,,,,,,,,,,,,,,,,,,,,
,"0,5",c. à s. ,Huile d'olive,Épicerie,,,Vitamines C,"76,353",mg,,,,Vitamines C,0,mg,,,,,,,,,,,,,,,,,,,,
,"0,25",c. à s. ,Vinaigre,Épicerie,,,,,,,comté,100 g,Calories,418,kcal,,,,,,,,,,,,,,,,,,,,
,"0,25",c. à s. ,Jus de citron,Primeur ou producteur,,,,,,,,,Protéines,"27,2",g,,,,,,,,,,,,,,,,,,,,
,,,Sel & Poivre,Épicerie,,,,,,,,,Lipides,"34,5",g,,,,,,,,,,,,,,,,,,,,
Salade de lentilles,"62,5",g,Lentilles vertes,Primeur ou producteur,"Faire cuire les lentilles dans 2 fois plus d'eau bouillante qu'il y a de lentilles, jusqu'à ce que les lentilles aient absorbé toute l'eau.

Epluchez les carottes et râpez-les, et coupez très finement l'oignon.

Dans un grand saladiez, mélangez les carottes, les oignons, les pois chiches, les lentilles, l'huile d'olive, le vinaigre, le sel et le poivre. Laissez-le tout refroidir.","N'hésitez pas à rajouter des tomates séchées, des pignons ou d'autres garnitures salées !",Calories,"443,9",kcal,,,,Glucides,0,g,,,,,,,,,,,,,,,,,,,,
,40,g,Pois chiches cuits,Primeur ou producteur,,,Protéines,"24,78665",g,,,,Calcium,993,mg,,,,,,,,,,,,,,,,,,,,
,"0,25",,Oignons rouges,Primeur ou producteur,,,Lipides,"10,981",g,,,,Vitamines C,0,mg,,,,,,,,,,,,,,,,,,,,
,"0,5",,Carottes,Primeur ou producteur,,,Glucides,"55,23625",g,,1 Galette de riz,20 g,Calories,"24,4",kcal,,,,,,,,,,,,,,,,,,,,
,"0,5",c. à s. ,Huile d'olive,Épicerie,,,Calcium,"90,56775",mg,,,,Protéines,"0,858",g,,,,,,,,,,,,,,,,,,,,
,"0,25",c. à s. ,Vinaigre,Épicerie,,,Vitamines C,"6,1925",mg,,,,Lipides,"0,38",g,,,,,,,,,,,,,,,,,,,,
,,,Sel & Poivre,Épicerie,,,,,,,,,Glucides,"4,38",g,,,,,,,,,,,,,,,,,,,,
Salade de pâtes,100,g,Pâtes,Épicerie,"Faites cuire les pâtes dans de l'eau bouillante salée, puis égouttez-le.

Lavez les poivrons, épépinez-les et coupez-les en dés. De même, coupez-les tomates en petits dés, et le fromage de chèvre en petits dés.

Mélangez le tout avec l’huile d’olive, le vinaigre, le jus de citron, le basilic, salez et poivrez dans un grand saladier. Réservez au frais.",N'hésitez pas à acheter des pâtes fraîches ou à les faire vous-même !,Calories,"782,35",kcal,,,,Calcium,26,mg,,,,,,,,,,,,,,,,,,,,
,50,g,Fromage de chèvre,Fromagerie,,,Protéines,"152,06815",g,,,,Vitamines C,0,mg,suisse,,,,,,,,,,,,,,,,,,,
,1,,Tomates,Primeur ou producteur,,,Lipides,"151,5124",g,,Échine de porc,100 g,Calories,198,kcal,,,,,,,,,,,,,,,,,,,,
,"0,25",,Poivrons,Primeur ou producteur,,,Glucides,"194,9285",g,,,,Protéines,18,g,,,,,,,,,,,,,,,,,,,,
,"0,5",tiges,Basilic,Épicerie,,,Calcium,"603,789",mg,,,,Lipides,14,g,,,,,,,,,,,,,,,,,,,,
,"0,5",c. à s. ,Huile d'olive,Épicerie,,,Vitamines C,"200,0105",mg,,,,Glucides,"0,1",g,,,,,,,,,,,,,,,,,,,,
,"0,25",c. à s. ,Vinaigre,Épicerie,,,,,,,,,Calcium,5,mg,,,,,,,,,,,,,,,,,,,,
,"0,25",c. à s. ,Jus de citron,Primeur ou producteur,,,,,,,,,Vitamines C,0,mg,,,,,,,,,,,,,,,,,,,,
,,,Sel & Poivre,Épicerie,,,,,,,1 c. à s. Huile neutre,15 g,Calories,"134,85",kcal,,,,,,,,,,,,,,,,,,,,
Salade niçoise,1,,Tomates,Primeur ou producteur,"Faites cuire les œufs 9 minutes dans de l'eau salée bouillante, puis retirez leurs coquilles et coupez-les en petits dés. Coupez les tomates en petits dés et les oignons en fines lamelles.

Mélangez tous les ingrédients dans un saladier, puis servez.

Option végétarienne : Supprimez le thon et les filets d'anchois et remplacez-les par des cœurs de palmiers ou d'artichauts",,Calories,"270,7",kcal,,,,Protéines,0,g,,,,,,,,,,,,,,,,,,,,
,1,,Œufs,Épicerie,,,Protéines,"13,1554",g,,,,Lipides,"14,985",g,,,,,,,,,,,,,,,,,,,,
,50,g,Salade verte,Primeur ou producteur,,,Lipides,"18,0079",g,,,,Glucides,0,g,,,,,,,,,,,,,,,,,,,,
,"0,5",,Oignons,Primeur ou producteur,,,Glucides,"11,46675",g,,,,Calcium,"0,1845",mg,,,,,,,,,,,,,,,,,,,,
,"1,5",,Filets d'anchois,Poissonnerie,,,Calcium,"178,83525",mg,,,,Vitamines C,0,mg,,,,,,,,,,,,,,,,,,,,
,20,g,Olives noires,Primeur ou producteur,,,Vitamines C,"28,8855",mg,,1 c. à c. Sauce soja,4 g,Calories,"1,848",kcal,,,,,,,,,,,,,,,,,,,,
,"62,5",g,Haricots verts,Primeur ou producteur,,,,,,,,,Protéines,"0,2832",g,,,,,,,,,,,,,,,,,,,,
,"0,5",c. à s. ,Huile d'olive,Épicerie,,,,,,,,,Lipides,"0,004",g,,,,,,,,,,,,,,,,,,,,
,"0,25",c. à s. ,Vinaigre,Épicerie,,,,,,,,,Glucides,"0,1532",g,,,,,,,,,,,,,,,,,,,,
,"0,25",c. à s. ,Jus de citron,Primeur ou producteur,,,,,,,,,Calcium,"1,092",mg,,,,,,,,,,,,,,,,,,,,
,,,Sel & Poivre,Épicerie,,,,,,,,,Vitamines C,0,mg,,,,,,,,,,,,,,,,,,,,
Salade grecque,"0,5",,Tomates,Primeur ou producteur,"Découpez les tomates, le fromage et les concombres en petits dés, et les oignons rouges en fines lamelles. Mettez le tout dans un grand saladier.

Ajoutez le jus de citron, l'huile, le vinaigre, le sel et le poivre. Mélangez et servir",N'hésitez pas à rajouter des herbes locales !,Calories,"224,55",kcal,,1 feuille de brick,20 g,Calories,"75,6",kcal,,,,,,,,,,,,,,,,,,,,
,"0,125",,Concombres,Primeur ou producteur,,,Protéines,"8,60065",g,,,,Protéines,"1,232",g,,,,,,,,,,,,,,,,,,,,
,"0,25",,Oignons rouges,Primeur ou producteur,,,Lipides,"19,34865",g,,,,Lipides,"0,352",g,,,,,,,,,,,,,,,,,,,,
,50,g,Feta ou fromage de brebis,Fromagerie,,,Glucides,"6,92475",g,,,,Glucides,"16,48",g,,,,,,,,,,,,,,,,,,,,
,"0,5",c. à s. ,Huile d'olive,Épicerie,,,Calcium,"183,29775",mg,,,,Calcium,22,mg,,,,,,,,,,,,,,,,,,,,
,"0,25",c. à s. ,Vinaigre,Épicerie,,,Vitamines C,"14,223",mg,,,,Vitamines C,0,mg,,,,,,,,,,,,,,,,,,,,
,"0,25",c. à s. ,Jus de citron,Primeur ou producteur,,,,,,,Viande hachée,100 g,Calories,198,kcal,,,,,,,,,,,,,,,,,,,,
,,,Sel & Poivre,Épicerie,,,,,,,,,Protéines,"15,8",g,,,,,,,,,,,,,,,,,,,,
Minestrone,"37,5",g,Pâtes,Épicerie,"La veille, faites tremper les haricots blancs dans un saladier d'eau froide. Le lendemain, égouttez-les, mettez-les dans une casserole, couvrez d'eau et laissez mijoter pendant 30 min puis égouttez à nouveau.

Epluchez les légumes, et coupez-les en petits morceaux. Pelez l'ail et hachez-le finement. Faites revenir le tout dans une grosse casserole, ajoutez les haricots blancs, le bouquet garni et de l'eau, puis faites cuire le tout doucement pendant une demi-heure environ.

10 minutes avant la fin, retirez le bouquet garni et ajoutez les pâtes. Servez bien chaud.",N'hésitez pas à acheter des pâtes fraîches ou à les faire vous-même !,Calories,"534,625",kcal,,,,Lipides,"13,6",g,,,,,,,,,,,,,,,,,,,,
,"0,5",,Courgettes,Primeur ou producteur,,,Protéines,"18,32775",g,,,,Glucides,"2,48",g,,,,,,,,,,,,,,,,,,,,
,"0,5",,Tomates,Primeur ou producteur,,,Lipides,"19,0485",g,,,,Calcium,5,mg,suisse,,,,,,,,,,,,,,,,,,,
,50,g,Haricots blancs secs,Primeur ou producteur,,,Glucides,"61,2725",g,,,,Vitamines C,0,mg,suisse,,,,,,,,,,,,,,,,,,,
,"0,5",,Carottes,Primeur ou producteur,,,Calcium,"485,2805",mg,,1 c. à c. Curry en poudre,2 g,Calories,"6,02",kcal,,,,,,,,,,,,,,,,,,,,
,"0,25",,Bouquets garnis,Épicerie,,,Vitamines C,"43,66",mg,,,,Protéines,"0,29",g,,,,,,,,,,,,,,,,,,,,
,"0,5",,Gousses d'ail,Épicerie,,,,,,,,,Lipides,"0,28",g,,,,,,,,,,,,,,,,,,,,
,1,c. à s.,Huile d'olive,Épicerie,,,,,,,,,Glucides,"0,0526",g,,,,,,,,,,,,,,,,,,,,
,,,Sel & Poivre,Épicerie,,,,,,,,,Calcium,"10,5",mg,,,,,,,,,,,,,,,,,,,,
Buddha bowl,70,g,Riz,Épicerie,"Faites cuire le riz une dizaine de minutes dans de l'eau bouillante salée.

Épluchez les concombres et les carottes, et coupez-les en lamelles fines avec les choux rouges et le poisson. Mélangez l'huile, le vinaigre, le jus de citron et assaisonnez. Dans une gamelle, servez le riz froid en premier, puis mettez toutes les garnitures et ajoutez la vinaigrette en dernier lieu.

Option végétarienne : Il suffit de retirer le poisson et de mettre à la place du tofu fumé ou des pousses de soja.",N'hésitez pas à modifier les garnitures en fonction de ce que vous trouvez près de votre lieu de camp !,Calories,"447,925",kcal,,,,Vitamines C,"0,014",mg,,,,,,,,,,,,,,,,,,,,
,50,g,Poisson local,Poissonnerie,,,Protéines,"19,39365",g,,Farine,100 g,Calories,356,kcal,,,,,,,,,,,,,,,,,,,,
,"0,5",,Concombres,Primeur ou producteur,,,Lipides,"9,71315",g,,,,Protéines,"9,06",g,,,,,,,,,,,,,,,,,,,,
,"0,1",,Choux rouges,Primeur ou producteur,,,Glucides,"67,261",g,,,,Lipides,"0,85",g,,,,,,,,,,,,,,,,,,,,
,"0,25",,Carottes,Primeur ou producteur,,,Calcium,"152,72775",mg,,,,Glucides,"75,9",g,,,,,,,,,,,,,,,,,,,,
,"0,5",c. à s. ,Huile d'olive,Épicerie,,,Vitamines C,"105,5905",mg,,,,Calcium,"17,4",mg,,,,,,,,,,,,,,,,,,,,
,"0,25",c. à s. ,Vinaigre,Épicerie,,,,,,,,,Vitamines C,0,mg,,,,,,,,,,,,,,,,,,,,
,"0,25",c. à s. ,Jus de citron,Primeur ou producteur,,,,,,,Levure boulangère,100 g,Calories,96,kcal,suisse,,,,,,,,,,,,,,,,,,,
,,,Sel & Poivre,Épicerie,,,,,,,,,Protéines,"44,5",g,,,,,,,,,,,,,,,,,,,,
Pâtes à la sauce tomate faite maison,100,g,Pâtes,Épicerie,"Faites cuire les pâtes dans de l'eau bouillante salée.

Pelez les tomates et coupez-les petits morceaux. Pelez les oignons et l'ail, et hachez le tout finement. Faites revenir ces derniers dans une casserole avec de l'huile d'olive. Ajoutez ensuite les tomates et remuez bien, puis laissez le tout cuire doucement assez longtemps (au moins une demi-heure) avec le bouquet garni.

Retirez le bouquet garni, égouttez les pâtes quand elles sont cuites et mélangez le tout, puis servez bien chaud.",N'hésitez pas à acheter des pâtes fraîches ou à les faire vous-même !,Calories,"552,725",kcal,,,,Lipides,"6,37",g,,,,,,,,,,,,,,,,,,,,
,2,,Tomates,Primeur ou producteur,,,Protéines,"16,28025",g,,,,Glucides,"17,9",g,,,,,,,,,,,,,,,,,,,,
,"0,5",,Oignons,Primeur ou producteur,,,Lipides,"12,25725",g,,,,Calcium,30,mg,,,,,,,,,,,,,,,,,,,,
,"0,5",,Gousses d'ail,Primeur ou producteur,,,Glucides,"84,975",g,,,,Vitamines C,"0,3",mg,,,,,,,,,,,,,,,,,,,,
,"0,5",c. à s.,Huile d'olive,Épicerie,,,Calcium,"398,23525",mg,,Fromage rapé,100 g,Calories,367,kcal,,,,,,,,,,,,,,,,,,,,
,"0,25",,Bouquets garnis,Épicerie,,,Vitamines C,"46,44",mg,,,,Protéines,"28,1",g,,,,,,,,,,,,,,,,,,,,
,,,Sel & Poivre,Épicerie,,,,,,,,,Lipides,"28,6",g,,,,,,,,,,,,,,,,,,,,
Pâtes aux champignons,100,g,Pâtes,Épicerie,"Faites cuire les pâtes dans de l'eau bouillante salée.

Pelez les oignons et hachez-les finement. Coupez les champignons en lamelles fines. Faites revenir les oignons dans une casserole avec de l'huile d'olive. Ajoutez ensuite les champignons et faites-les bien revenir. Dès qu'ils sont bien revenus, ajoutez la moutarde, la crème et assaisonnez.

Égouttez les pâtes quand elles sont cuites et mélangez le tout, puis servez bien chaud.",N'hésitez pas à acheter des pâtes fraîches ou à les faire vous-même !,Calories,"647,1",kcal,,,,Glucides,0,g,,,,,,,,,,,,,,,,,,,,
,15,g,Champignons de Paris,Primeur ou producteur,,,Protéines,"14,3656",g,,,,Calcium,979,mg,,,,,,,,,,,,,,,,,,,,
,75,ml,Crème fraîche épaisse,Épicerie,,,Lipides,"32,7875",g,,,,Vitamines C,"0,5",mg,,,,,,,,,,,,,,,,,,,,
,"0,5",c. à c.,Moutarde,Épicerie,,,Glucides,"70,11565",g,,1 tranche de pain de mie,40 g,Calories,"113,6",kcal,,,,,,,,,,,,,,,,,,,,
,"0,25",,Oignons,Primeur ou producteur,,,Calcium,"91,23625",mg,,,,Protéines,"3,044",g,,,,,,,,,,,,,,,,,,,,
,"0,5",c. à s.,Huile d'olive,Épicerie,,,Vitamines C,"2,31",mg,,,,Lipides,"1,74",g,,,,,,,,,,,,,,,,,,,,
,,,Sel & Poivre,Épicerie,,,,,,,,,Glucides,"20,32",g,,,,,,,,,,,,,,,,,,,,
Pâtes à la carbonara,100,g,Pâtes,Épicerie,"Faites cuire les pâtes dans de l'eau bouillante salée.

Pelez les oignons et hachez-les finement. Faites les revenir dans une poêle avec les lardons et sans matière grasse, les lardons faisant office de matière grasse. Dès que les lardons sont suffisamment cuits à votre goût, ajoutez la crème, et assaisonnez à votre goût (attention à ne pas trop rajouter de sel, les lardons sont déjà suffisamment salés).

Égouttez les pâtes quand elles sont cuites et mélangez le tout, puis ajoutez les œufs et le parmesan râpé ou en copeaux sur les pâtes. Mélangez, et servez bien chaud.

Option végétarienne : Il suffit de retirer les lardons et de les remplacer soit par des champignons, soit par des oignons ou des échalotes, soit en ne les remplaçant pas, les lardons n'apportant que peu d'apports nutritifs.",N'hésitez pas à acheter des pâtes fraîches ou à les faire vous-même !,Calories,"836,125",kcal,,,,Calcium,"48,8",mg,,,,,,,,,,,,,,,,,,,,
,"0,25",,Œufs,Épicerie,,,Protéines,"32,645",g,,,,Vitamines C,0,mg,,,,,,,,,,,,,,,,,,,,
,75,ml,Crème fraîche épaisse,Épicerie,,,Lipides,"45,847",g,,1 Yaourt,125 g,Calories,"79,875",kcal,,,,,,,,,,,,,,,,,,,,
,"0,25",,Oignons,Primeur ou producteur,,,Glucides,"70,00175",g,,,,Protéines,"4,8375",g,,,,,,,,,,,,,,,,,,,,
,50,g,Lardons fumés,Boucherie,,,Calcium,"398,17",mg,,,,Lipides,"3,5125",g,,,,,,,,,,,,,,,,,,,,
,25,g,Parmesan,Fromagerie,,,Vitamines C,"2,2875",mg,,,,Glucides,"9,5875",g,,,,,,,,,,,,,,,,,,,,
,,,Sel & Poivre,Épicerie,,,,,,,,,Calcium,"156,25",mg,,,,,,,,,,,,,,,,,,,,
Pâtes au pesto,100,g,Pâtes,Épicerie,"Faites cuire les pâtes dans de l'eau bouillante salée.

Mettez le basilic, les pignons, l'huile d'olive, l'ail et le parmesan dans un contenant creux solide et écrasez le tout (si nécessaire, écrasez au préalable les pignons de pin et l'ail). Assaisonnez la sauce.

Égouttez les pâtes quand elles sont cuites et mélangez le tout, puis servez bien chaud. ",N'hésitez pas à acheter des pâtes fraîches ou à les faire vous-même !,Calories,"602,105",kcal,,,,Vitamines C,"0,4125",mg,,,,,,,,,,,,,,,,,,,,
,1,tiges,Basilic,Épicerie,,,Protéines,"21,08325",g,,Sucre,100 g,Calories,399,kcal,,,,,,,,,,,,,,,,,,,,
,15,g,Pignons de pin,Épicerie,,,Lipides,"25,659",g,,,,Protéines,0,g,,,,,,,,,,,,,,,,,,,,
,"0,5",,Gousses d'ail,Primeur ou producteur,,,Glucides,"67,659",g,,,,Lipides,0,g,,,,,,,,,,,,,,,,,,,,
,"0,5",c. à s. ,Huile d'olive,Épicerie,,,Calcium,"296,58525",mg,,,,Glucides,"99,7",g,,,,,,,,,,,,,,,,,,,,
,20,g,Parmesan,Fromagerie,,,Vitamines C,"2,7025",mg,,,,Calcium,"3,69",mg,,,,,,,,,,,,,,,,,,,,
,,,Sel & Poivre,Épicerie,,,,,,,,,Vitamines C,0,mg,,,,,,,,,,,,,,,,,,,,
Pâtes à la bolognaise,100,g,Pâtes,Épicerie,"Faites cuire les pâtes dans de l'eau bouillante salée.

Pelez les tomates et coupez-les petits morceaux. Pelez les oignons et l'ail, et hachez le tout finement. Faites revenir ces derniers dans une casserole avec de l'huile d'olive. Ajoutez ensuite les tomates et remuez bien, puis laissez le tout cuire doucement assez longtemps (au moins une demi-heure) avec le bouquet garni. Retirez le bouquet garni, puis ajoutez la viande hachée. Laissez le tout mijoter jusqu'à ce que la viande soit cuite.

Égouttez les pâtes quand elles sont cuites et mélangez le tout, puis servez bien chaud.

Option végétarienne : Remplacez la viande hachée par des lentilles cuites.",N'hésitez pas à acheter des pâtes fraîches ou à les faire vous-même !,Calories,"651,725",kcal,,Lait,100 mL,Calories,"46,2",kcal,,,,,,,,,,,,,,,,,,,,
,50,g,Viande hachée,Boucherie,,,Protéines,"24,18025",g,,,,Protéines,"3,28",g,,,,,,,,,,,,,,,,,,,,
,2,,Tomates,Primeur ou producteur,,,Lipides,"19,05725",g,,,,Lipides,"1,57",g,,,,,,,,,,,,,,,,,,,,
,"0,5",,Oignons,Primeur ou producteur,,,Glucides,"86,215",g,,,,Glucides,"4,82",g,,,,,,,,,,,,,,,,,,,,
,"0,5",,Gousses d'ail,Primeur ou producteur,,,Calcium,"400,73525",mg,,,,Calcium,116,mg,,,,,,,,,,,,,,,,,,,,
,"0,5",c. à s.,Huile d'olive,Épicerie,,,Vitamines C,"46,44",mg,,,,Vitamines C,"1,39",mg,,,,,,,,,,,,,,,,,,,,
,"0,25",,Bouquets garnis,Épicerie,,,,,,,Flocons d'avoine,100 g,Calories,367,kcal,,,,,,,,,,,,,,,,,,,,
,,,Sel & Poivre,Épicerie,,,,,,,,,Protéines,"13,3",g,,,,,,,,,,,,,,,,,,,,
Gratin de pâtes,100,g,Pâtes,Épicerie,"Faites cuire les pâtes dans de l'eau bouillante salée.

Égouttez les pâtes quand elles sont cuites, puis mettez-les dans un plat à gratin. Ajoutez la crème fraîche épaisse et la moitié du fromage, puis mélangez le tout. Finissez le fromage en le parsèment sur le plat. Remettez le tout sur le feu, couvert. L'effet gratiné ne sera pas réellement présent, mais le fromage fondu donnera déjà un effet de gratin. Servez bien chaud.",N'hésitez pas à acheter des pâtes fraîches ou à les faire vous-même !,Calories,"740,75",kcal,,,,Lipides,"6,51",g,,,,,,,,,,,,,,,,,,,,
,75,ml,Crème fraîche épaisse,Épicerie,,,Protéines,"27,4025",g,,,,Glucides,"57,9",g,,,,,,,,,,,,,,,,,,,,
,50,g,Fromage râpé,Fromagerie,,,Lipides,"38,965",g,,,,Calcium,"84,3",mg,,,,,,,,,,,,,,,,,,,,
,,,Sel & Poivre,Épicerie,,,Glucides,"67,4425",g,,,,Vitamines C,0,mg,,,,,,,,,,,,,,,,,,,,
,,,,,,,Calcium,"567,675",mg,,Noix de coco,100 g,Calories,690,kcal,,,,,,,,,,,,,,,,,,,,
,,,,,,,Vitamines C,"0,625",mg,,,,Protéines,"6,62",g,,,,,,,,,,,,,,,,,,,,
Aubergines farcies,"0,5",,Aubergines,Primeur ou producteur,"Coupez les aubergines en deux dans le sens de la longueur. Avec un couteau, fendez la chair des aubergines en faisant des traits diagonaux. Mettez de l'huile d'olive sur la surface, et mettez-les cinq minutes de chaque côté sur une grille sur le feu.

Avec une cuillère à soupe, retirez la chair des aubergines et coupez la finement. Hachez finement les oignons, et faites-les revenir dans une casserole avec l'huile d'olive. Ajoutez ensuite la chair à saucisse, puis les tomates coupées en petits dés et l'ail haché finement, en laissant à feu très doux. Ajoutez la chair d'aubergine et assaisonnez. Finissez en rajoutant l'œuf battu, puis mélangez bien le tout.

Remplissez les demi-aubergines avec ce mélange, puis recouvrez-les de gruyère râpé. Placez-les dans un grand plat, couvrez le et mettez-le sur le feu 5 minutes, le temps que le fromage fonde.

Option végétarienne : Remplacez la chair à saucisse par de la mie de pain complet, de pain aux céréales ou de pain noir.",N'hésitez pas à rajouter des herbes dans la farce !,Calories,"500,875",kcal,,,,Lipides,"66,3",g,,,,,,,,,,,,,,,,,,,,
,1,,Oignons,Primeur ou producteur,,,Protéines,"22,5925",g,,,,Glucides,"8,56",g,,,,,,,,,,,,,,,,,,,,
,"0,5",,Tomates,Primeur ou producteur,,,Lipides,"36,343",g,,,,Calcium,"18,4",mg,,,,,,,,,,,,,,,,,,,,
,1,,Œufs,Épicerie,,,Glucides,"16,877",g,,,,Vitamines C,"1,5",mg,,,,,,,,,,,,,,,,,,,,
,50,g,Chair à saucisse,Boucherie,,,Calcium,"230,4605",mg,,Beurre de cacahuète,100 g,Calories,648,kcal,,,,,,,,,,,,,,,,,,,,
,"12,5",g,Fromage râpé,Fromagerie,,,Vitamines C,"17,1625",mg,,,,Protéines,"22,2",g,,,,,,,,,,,,,,,,,,,,
,1,c. à s.,Huile d'olive,Épicerie,,,,,,,,,Lipides,"52,5",g,,,,,,,,,,,,,,,,,,,,
,,,Sel & Poivre,Épicerie,,,,,,,,,Glucides,16,g,,,,,,,,,,,,,,,,,,,,
Courgettes farcies,"0,5",,Courgettes,Primeur ou producteur,"Coupez les courgettes en deux dans le sens de la longueur. Avec un couteau, fendez la chair des courgettes en faisant des traits diagonaux. Mettez de l'huile d'olive sur la surface, et mettez-les cinq minutes de chaque côté sur une grille sur le feu.

Avec une cuillère à soupe, retirez la chair des courgettes et coupez la finement. Hachez finement les oignons, et faites-les revenir dans une casserole avec l'huile d'olive. Ajoutez ensuite la chair à saucisse, puis les tomates coupées en petits dés et l'ail haché finement, en laissant à feu très doux. Ajoutez la chair de courgette et assaisonnez. Finissez en rajoutant l'œuf battu, puis mélangez bien le tout.

Remplissez les demi-courgettes avec ce mélange, puis recouvrez-les de gruyère râpé. Placez-les dans un grand plat, couvrez le et mettez-le sur le feu 5 minutes, le temps que le fromage fonde.

Option végétarienne : Remplacez la chair à saucisse par de la mie de pain complet, de pain aux céréales ou de pain noir.",N'hésitez pas à rajouter des herbes dans la farce !,Calories,"489,825",kcal,,,,Calcium,43,mg,,,,,,,,,,,,,,,,,,,,
,1,,Oignons,Primeur ou producteur,,,Protéines,"22,4375",g,,,,Vitamines C,0,mg,,,,,,,,,,,,,,,,,,,,
,"0,5",,Tomates,Primeur ou producteur,,,Lipides,"36,458",g,,Graines de sésame,100 g,Calories,599,kcal,,,,,,,,,,,,,,,,,,,,
,1,,Œufs,Épicerie,,,Glucides,"15,542",g,,,,Protéines,"17,6",g,,,,,,,,,,,,,,,,,,,,
,50,g,Chair à saucisse,Boucherie,,,Calcium,"240,7855",mg,,,,Lipides,"49,7",g,,,,,,,,,,,,,,,,,,,,
,"12,5",g,Fromage râpé,Fromagerie,,,Vitamines C,"35,8875",mg,,,,Glucides,"9,81",g,,,,,,,,,,,,,,,,,,,,
,1,c. à s.,Huile d'olive,Épicerie,,,,,,,,,Calcium,962,mg,,,,,,,,,,,,,,,,,,,,
,,,Sel & Poivre,Épicerie,,,,,,,,,Vitamines C,0,mg,,,,,,,,,,,,,,,,,,,,
Dhal de lentilles corail,50,g,Lentilles corail,Primeur ou producteur,"Hachez finement l'ail et les oignons, puis faites-les revenir dans une grande casserole avec l'huile d'olive. Dès qu'ils sont blonds, ajoutez les tomates coupées en petits dés, puis les lentilles corail et deux fois plus d'eau que de lentille corail. Laissez le tout mijoter un bon quart d'heure, avec les différents épices et assaisonnements.

Lorsque les lentilles coraux sont cuites, ajoutez le lait de coco, mélangez bien la préparation et servez le Dahl encore chaud.",,Calories,"339,195",kcal,,1 c. à s. Miel,15 g,Calories,"49,05",kcal,,,,,,,,,,,,,,,,,,,,
,"0,25",,Tomates,Primeur ou producteur,,,Protéines,"15,609",g,,,,Protéines,"0,078",g,,,,,,,,,,,,,,,,,,,,
,"0,25",,Oignons,Primeur ou producteur,,,Lipides,"16,2775",g,,,,Lipides,0,g,,,,,,,,,,,,,,,,,,,,
,"0,5",,Gousses d'ail,Primeur ou producteur,,,Glucides,"27,52855",g,,,,Glucides,"12,195",g,,,,,,,,,,,,,,,,,,,,
,"42,5",ml,Lait de coco,Épicerie,,,Calcium,"45,67025",mg,,,,Calcium,"1,1895",mg,,,,,,,,,,,,,,,,,,,,
,"0,5",c. à c.,Curry en poudre,Épicerie,,,Vitamines C,"6,5105",mg,,,,Vitamines C,"0,12",mg,,,,,,,,,,,,,,,,,,,,
,"0,25",c. à c. ,Cumin,Épicerie,,,,,,,Pépites de chocolat,100 g,Calories,553,kcal,,,,,,,,,,,,,,,,,,,,
,"0,5",c. à s.,Huile d'olive,Épicerie,,,,,,,,,Protéines,"7,43",g,,,,,,,,,,,,,,,,,,,,
,,,Sel & Poivre,Épicerie,,,,,,,,,Lipides,"36,2",g,,,,,,,,,,,,,,,,,,,,
Crumble de légumes,"0,5",,Courgettes,Primeur ou producteur,"Lavez et découpez tous les légumes en petits dés, et faites-les revenir dans une grande poêle une dizaine de minutes, jusqu'à ce qu'ils soient tout juste cuits. Assaisonnez le tout avec le sel, le poivre et les herbes de Provence.

Mélangez le beurre, le parmesan, la farine et les herbes de Provence à la main.

Dans un plat, mettez-le mélange de légumes, puis la pâte à crumble par-dessus, couvrez le tout et mettez-le un gros quart d'heure sur le feu, jusqu'à ce que le crumble soit cuit. Servez bien chaud.",N'hésitez pas à faire varier les légumes en fonction de la saison et de la région !,Calories,"503,645",kcal,,,,Glucides,"45,9",g,,,,,,,,,,,,,,,,,,,,
,"0,5",,Aubergines,Primeur ou producteur,,,Protéines,"13,575",g,,,,Calcium,132,mg,,,,,,,,,,,,,,,,,,,,
,"0,5",,Poivrons,Primeur ou producteur,,,Lipides,"35,283",g,,,,Vitamines C,"0,16",mg,,,,,,,,,,,,,,,,,,,,
,25,g,Farine,Épicerie,,,Glucides,"28,6675",g,,1 noisette,2 g,Calories,"13,6",kcal,,,,,,,,,,,,,,,,,,,,
,25,g,Beurre,Épicerie,,,Calcium,"310,26025",mg,,,,Protéines,"0,278",g,,,,,,,,,,,,,,,,,,,,
,20,g,Parmesan,Fromagerie,,,Vitamines C,"145,085",mg,,,,Lipides,"1,26",g,,,,,,,,,,,,,,,,,,,,
,"0,5",c. à s.,Huile d'olive,Épicerie,,,,,,,,,Glucides,"0,1398",g,,,,,,,,,,,,,,,,,,,,
,"0,5",c. à c. ,Herbes de Provence,Épicerie,,,,,,,,,Calcium,"2,32",mg,,,,,,,,,,,,,,,,,,,,
,,,Sel & Poivre,Épicerie,,,,,,,,,Vitamines C,"0,01",mg,,,,,,,,,,,,,,,,,,,,
Tomates provençales,1,,Tomates,Primeur ou producteur,"Coupez les tomates en deux dans le sens de la hauteur, assaisonnez-les et recouvrez-les d'un filet d'huile. Placez-les ensuite dans un grand plat.

Hachez très finement l'ail et le persil, et mélangez le tout avec la chapelure, puis répartissez cette préparation sur les tomates. Couvrez-les, puis mettez-les une dizaine de minutes sur le feu, le temps que la chapelure cuise suffisamment. Servez bien chaud.","Faites votre chapelure vous-même avec du pain rassis que vous brisez en petits morceaux et que vous faites revenir avec de la matière grasse, de l'ail et des oignons !",Calories,"148,9833333",kcal,,Chocolat noir,100 g,Calories,553,kcal,,,,,,,,,,,,,,,,,,,,
,"0,5",,Gousses d'ail,Primeur ou producteur,,,Protéines,"3,047749999",g,,,,Protéines,"7,43",g,,,,,,,,,,,,,,,,,,,,
,"0,083333333",bouquets,Persil plat,Épicerie,,,Lipides,"8,3865",g,,,,Lipides,"36,2",g,,,,,,,,,,,,,,,,,,,,
,"0,5",c. à s.,Huile d'olive,Épicerie,,,Glucides,"13,58",g,,,,Glucides,"45,9",g,,,,,,,,,,,,,,,,,,,,
,15,g,Chapelure,Épicerie,,,Calcium,"39,43191659",mg,,,,Calcium,132,mg,,,,,,,,,,,,,,,,,,,,
,,,Sel & Poivre,Épicerie,,,Vitamines C,"30,70249994",mg,,,,Vitamines C,"0,16",mg,,,,,,,,,,,,,,,,,,,,
Nouilles sautées,"62,5",g,Nouilles,Épicerie,"Lavez puis coupez-les courgettes et les carottes en julienne (en fin batônnets). Coupez les champignons en fines tranches.

Faites bouillir une casserole d'eau. Hors du feu, ajoutez les nouilles et couvrez pendant 4 minutes. Séparez les nouilles à l'aide d'une fourchette, goûtez pour vérifier la cuisson puis égouttez.

Faites chauffer une cuillère à soupe d'huile dans un wok à la moitié de la puissance de la plaque. Ajoutez la julienne de carottes et faites-la revenir pendant 1 minute, puis ajoutez les courgettes et faites revenir pendant 1 minute. Ajoutez ensuite les champignons et faites revenir encore pendant 1 minute. Ajoutez les nouilles et mélangez bien pendant 30 secondes, puis ajoutez la sauce soja pour finir et assaisonnez (la sauce soja est déjà très salée. Ajoutez les œufs battus en omelette et mélangez bien jusqu'à ce qu'ils soient cuits. Servez chaud.",N'hésitez pas à rajouter du sésame ou des oignons nouveaux sur les nouilles juste avant de servir !,Calories,"444,651",kcal,,Riz,100 g,Calories,352,kcal,,,,,,,,,,,,,,,,,,,,
,30,g,Champignons de Paris,Primeur ou producteur,,,Protéines,"14,6424",g,,,,Protéines,"7,04",g,,,,,,,,,,,,,,,,,,,,
,"0,75",,Œufs,Épicerie,,,Lipides,"21,4395",g,,,,Lipides,"0,91",g,,,,,,,,,,,,,,,,,,,,
,"0,5",,Courgettes,Primeur ou producteur,,,Glucides,"45,8519",g,,,,Glucides,78,g,,,,,,,,,,,,,,,,,,,,
,"0,25",,Carottes,Primeur ou producteur,,,Calcium,"50,251",mg,,,,Calcium,33,mg,,,,,,,,,,,,,,,,,,,,
,1,c. à s.,Sauce soja,Épicerie,,,Vitamines C,"1,177",mg,,,,Vitamines C,0,mg,,,,,,,,,,,,,,,,,,,,
,1,c. à s.,Huile d'olive,Épicerie,,,,,,,Fromage blanc,100 g,Calories,"87,8",kcal,,,,,,,,,,,,,,,,,,,,
,,,Sel & Poivre,Épicerie,,,,,,,,,Protéines,"7,18",g,,,,,,,,,,,,,,,,,,,,
Risotto ,"62,5",g,Riz à risotto,Épicerie,"Nettoyez les champignons et coupez-les en gros morceaux. Faites revenir la gousse d'ail hachée dans l'huile d'olive pendant 2 minutes. Ajoutez les champignons et laissez-les cuire environ 3 minutes. Ajoutez la crème fraîche et mélangez. Assaisonnez puis réservez.

Faites bouillir le bouillon de légumes (ou diluez le bouillon en cube dans de l'eau bouillante). Dans une sauteuse, faites chauffer l'huile d'olive pour y faire blondir les oignons coupés en lamelles pendant 3 minutes. Ajoutez le riz et laissez-le cuire en remuant pendant 2 minutes jusqu'à ce qu'il soit translucide.

Ajoutez une louche de bouillon, puis mélangez. Une fois que le bouillon est bien absorbé, ajoutez une nouvelle louche, et ainsi de suite jusqu'à épuisement du bouillon.

Ajoutez la moitié du parmesan râpé et les champignons, puis mélangez vivement. Servez très chaud avec le reste du parmesan en lamelle sur le dessus.",N'hésitez pas à faire vous-même votre bouillon de légumes et à changer les champignons par d'autres garnitures !,Calories,"470,0375",kcal,,,,Lipides,"4,5",g,,,,,,,,,,,,,,,,,,,,
,75,g,Champignons de Paris,Primeur ou producteur,,,Protéines,"16,401375",g,,,,Glucides,"4,64",g,,,,,,,,,,,,,,,,,,,,
,"0,25",,Oignons,Primeur ou producteur,,,Lipides,"20,688",g,,,,Calcium,119,mg,,,,,,,,,,,,,,,,,,,,
,250,ml,Bouillon de légumes,Épicerie,,,Glucides,"53,1775",g,,,,Vitamines C,"0,11",mg,,,,,,,,,,,,,,,,,,,,
,"37,5",ml,Crème fraîche épaisse,Épicerie,,,Calcium,"354,36625",mg,,Corn flakes,100 g,Calories,377,kcal,,,,,,,,,,,,,,,,,,,,
,25,g,Parmesan,Fromagerie,,,Vitamines C,"4,19375",mg,,,,Protéines,"7,4",g,,,,,,,,,,,,,,,,,,,,
,"0,25",,Gousses d'ail,Épicerie,,,,,,,,,Lipides,"0,87",g,,,,,,,,,,,,,,,,,,,,
,"0,25",c. à s.,Huile d'olive,Épicerie,,,,,,,,,Glucides,"83,2",g,,,,,,,,,,,,,,,,,,,,
,,,Sel & Poivre,Épicerie,,,,,,,,,Calcium,124,mg,,,,,,,,,,,,,,,,,,,,
Falafels,88,g,Pois chiches secs,Primeur ou producteur,"Faites tremper les pois chiches dans de l'eau à hauteur pendant 4 heures au moins, voire la veille si possible. Égouttez-les, puis mixez-les à la fourchette ou à l'écrase-purée, jusqu'à ce qu'ils soient finement hachés.

Hachez l'oignon, l'ail et le persil, puis ajoutez-les aux pois chiches hachés avec un peu d'eau. Assaisonnez puis mélangez, jusqu'à ce que le mélange forme une pâte grossière. Laissez reposer 30 minutes.

Prélevez plusieurs cuillères à soupe de pâte et façonnez des boulettes à la main ou en faisant des quenelles avec 2 cuillères. Versez l'huile de friture dans une sauteuse jusqu'au tiers de sa hauteur et faites-la chauffer. Pour contrôler la température, plongez une cuillère en bois dans l'huile : des petites bulles doivent se former autour. Plongez doucement les boules de pâte dans l'huile, et faites frire les falafels 3 à 4 minutes jusqu'à ce qu'ils soient bien dorés. Récupérez-les avec un égouttoir et enlevez bien l'excédent d'huile en les laissant reposer quelques minutes sur un torchon.","N'hésitez pas à ajouter des épices dans les falafels (cumin, curry, etc. ...) !",Calories,"148,07",kcal,,,,Vitamines C,0,mg,,,,,,,,,,,,,,,,,,,,
,"0,2",,Oignons,Primeur ou producteur,,,Protéines,"8,122",g,,1 c. à c. Mélange 4 épices,2 g,Calories,"6,96",kcal,,,,,,,,,,,,,,,,,,,,
,"0,4",,Gousses d'ail,Primeur ou producteur,,,Lipides,"2,8958",g,,,,Protéines,"0,1218",g,,,,,,,,,,,,,,,,,,,,
,"0,1",bouquets,Persil plat,Épicerie,,,Glucides,"18,223",g,,,,Lipides,"0,1738",g,,,,,,,,,,,,,,,,,,,,
,,,Huile de friture,Épicerie,,,Calcium,"94,27",mg,,,,Glucides,"1,01",g,,,,,,,,,,,,,,,,,,,,
,,,,,,,Vitamines C,"19,672",mg,,,,Calcium,"13,22",mg,,,,,,,,,,,,,,,,,,,,
Fromage au feu,"0,25",,Fromage type Coulommiers,Fromagerie,"Enlevez le plastique présent dans la boite s'il y en a, puis remettez le fromage dans sa boîte, et mettez-le sur une pierre proche des braises ou dans un plat que vous mettez dans les braises. 

Retirez-le du feu au bout d'une dizaine de minutes, puis enlevez juste le couvercle de la boite et trempez-y un bout de pain.","N'hésitez pas à ajouter des épices sur les fromages avant la cuisson (cumin, curry, paprika, etc. ...) !",Calories,"351,25",kcal,,,,Vitamines C,"0,784",mg,,,,,,,,,,,,,,,,,,,,
,"0,25",,Baguettes de pain,Boulangerie,,,Protéines,"17,09375",g,,Brioche,100 g,Calories,374,kcal,,,,,,,,,,,,,,,,,,,,
,,,,,,,Lipides,"15,8125",g,,,,Protéines,"9,81",g,,,,,,,,,,,,,,,,,,,,
,,,,,,,Glucides,"33,875",g,,,,Lipides,"14,7",g,,,,,,,,,,,,,,,,,,,,
,,,,,,,Calcium,"262,5",mg,,,,Glucides,"49,2",g,,,,,,,,,,,,,,,,,,,,
,,,,,,,Vitamines C,"3,125",mg,,,,Calcium,30,mg,,,,,,,,,,,,,,,,,,,,
Omelette aux pommes de terre,"1,5",,Œufs,Épicerie,"Coupez les pommes de terre en morceaux de taille moyenne et les oignons en lamelles, puis faites les cuire dans une poêle avec l'huile d'olive une vingtaine de minutes, jusqu'à ce que les pommes de terre soient fondantes.

Dans un saladier, battez les œufs et assaisonnez. Versez les œufs dans la poêle et faites cuire l’omelette 5 minutes environ à feu doux. Faites-la glisser sur une assiette, retournez-la et terminez la cuisson sur l’autre face. Servez aussitôt.",N'hésitez pas à rajouter de la crème dans les œufs ou du fromage râpé pour que l'omelette soit plus fondante !,Calories,"261,05",kcal,,,,Vitamines C,0,mg,,,,,,,,,,,,,,,,,,,,
,"0,5",,Pommes de terre,Primeur ou producteur,,,Protéines,"13,335",g,,Fruits à coque,100 g,Calories,690,kcal,,,,,,,,,,,,,,,,,,,,
,"0,5",,Oignons,Primeur ou producteur,,,Lipides,"16,902",g,,,,Protéines,"6,62",g,,,,,,,,,,,,,,,,,,,,
,"0,5",c. à s.,Huile d'olive,Épicerie,,,Glucides,"12,5305",g,,,,Lipides,"66,3",g,,,,,,,,,,,,,,,,,,,,
,,,Sel & Poivre,Épicerie,,,Calcium,"95,21275",mg,,,,Glucides,"8,56",g,,,,,,,,,,,,,,,,,,,,
,,,,,,,Vitamines C,"12,375",mg,,,,Calcium,"18,4",mg,,,,,,,,,,,,,,,,,,,,
Omelette aux légumes,"1,5",,Œufs,Épicerie,"Coupez les courgettes et les poivrons en morceaux de taille moyenne et les oignons en lamelles, puis faites les cuire dans une poêle avec l'huile d'olive une dizaine de minutes, jusqu'à ce que les légumes soient fondants.

Dans un saladier, battez les œufs et assaisonnez. Versez les œufs dans la poêle et faites cuire l’omelette 5 minutes environ à feu doux. Faites-la glisser sur une assiette, retournez-la et terminez la cuisson sur l’autre face. Servez aussitôt.",N'hésitez pas à rajouter de la crème dans les œufs ou du fromage râpé pour que l'omelette soit plus fondante !,Calories,"265,55",kcal,,,,Vitamines C,"1,5",mg,,,,,,,,,,,,,,,,,,,,
,"0,5",,Courgettes,Primeur ou producteur,,,Protéines,"14,62",g,,1 c. à c. canelle,2 g,Calories,"4,86",kcal,,,,,,,,,,,,,,,,,,,,
,"0,5",,Oignons,Primeur ou producteur,,,Lipides,"17,3995",g,,,,Protéines,"0,0774",g,,,,,,,,,,,,,,,,,,,,
,"0,5",,Poivrons,Primeur ou producteur,,,Glucides,"10,5555",g,,,,Lipides,"0,0244",g,,,,,,,,,,,,,,,,,,,,
,"0,5",c. à s.,Huile d'olive,Épicerie,,,Calcium,"116,23025",mg,,,,Glucides,"0,55",g,,,,,,,,,,,,,,,,,,,,
,,,Sel & Poivre,Épicerie,,,Vitamines C,"144,05",mg,,,,Calcium,20,mg,,,,,,,,,,,,,,,,,,,,
Piperade,"0,5",,Oignons,Primeur ou producteur,"Coupez les poivrons, les piments doux, les oignons et les tomates en lamelles et hachez l'ail, puis faites cuire les piments, les poivrons, l'ail et les oignons dans une poêle avec l'huile d'olive une dizaine de minutes, jusqu'à ce que les légumes soient fondants. Rajoutez les tomates, puis laissez cuire une bonne dizaine de minutes.

Dans un saladier, battez les œufs et assaisonnez. Versez les œufs dans le mélange de légumes et faites-les cuire 5 minutes environ à feu doux. Servez le tout bien chaud.",N'hésitez pas à ajouter du piment d'Espelette ou des herbes !,Calories,"349,375",kcal,,,,Vitamines C,"0,076",mg,,,,,,,,,,,,,,,,,,,,
,"0,5",,Poivrons,Primeur ou producteur,,,Protéines,"15,14525",g,,Epeautre,100 g,Calories,344,kcal,,,,,,,,,,,,,,,,,,,,
,"0,5",,Piments doux,Primeur ou producteur,,,Lipides,"24,698",g,,,,Protéines,"14,6",g,,,,,,,,,,,,,,,,,,,,
,"0,5",,Gousses d'ail,Primeur ou producteur,,,Glucides,"14,108",g,,,,Lipides,"2,43",g,,,,,,,,,,,,,,,,,,,,
,1,,Tomates,Primeur ou producteur,,,Calcium,"98,4505",mg,,,,Glucides,"59,5",g,,,,,,,,,,,,,,,,,,,,
,"1,5",,Œufs,Épicerie,,,Vitamines C,"290,2025",mg,,,,Calcium,27,mg,,,,,,,,,,,,,,,,,,,,
,"0,5",c. à s.,Huile d'olive,Épicerie,,,,,,,,,Vitamines C,0,mg,,,,,,,,,,,,,,,,,,,,
,,,Sel & Poivre,Épicerie,,,,,,,1 poivron,150 g,Calories,"44,1",kcal,,,,,,,,,,,,,,,,,,,,
Pommes de terre farcies,1,,Pommes de terre,Primeur ou producteur,"Faites cuire les pommes de terre à l'eau. Une fois cuites, coupez le haut de chaque pomme de terre sur la longueur, puis creusez les pommes de terre à l'aide d'une petite cuillère afin d'ôter la chair. Attention de ne pas aller trop en profondeur pour ne pas trouer le fond des pommes de terre. 

Mettez la chair dans un bol puis écrasez-la grossièrement à l'aide d'une fourchette, et ajoutez la crème liquide et le fromage râpé. Assaisonnez bien la farce.

Garnissez les pommes de terre généreusement de la préparation à base de la chair de pommes de terre.

Mettez-les dans un plat couvert, puis mettez ce plat dans les braises une dizaine de minutes. Servez bien chaud.","N'hésitez pas à rajouter d'autres éléments dans la farce (oignons, ciboulette, etc. ...) !",Calories,"205,4",kcal,,,,Protéines,"1,68",g,,,,,,,,,,,,,,,,,,,,
,15,g,Fromage râpé,Fromagerie,,,Protéines,"6,9925",g,,,,Lipides,"0,525",g,,,,,,,,,,,,,,,,,,,,
,25,ml,Crème fraîche épaisse,Épicerie,,,Lipides,"12,095",g,,,,Glucides,"6,75",g,,,,,,,,,,,,,,,,,,,,
,,,Sel & Poivre,Épicerie,,,Glucides,"15,7475",g,,,,Calcium,"9,585",mg,,,,,,,,,,,,,,,,,,,,
,,,,,,,Calcium,"180,375",mg,,,,Vitamines C,"238,5",mg,,,,,,,,,,,,,,,,,,,,
,,,,,,,Vitamines C,"19,1",mg,,Thon,100 g,Calories,144,kcal,,,,,,,,,,,,,,,,,,,,
Boulettes de viande à la sauce tomate,"62,5",g,Viande hachée,Boulangerie,"Épluchez et coupez en petits morceaux les oignons, puis faites les dorer dans une poêle avec l'huile d'olive.

Mélangez les oignons cuits, la viande hachée et les œufs, puis assaisonnez. 

Faites des boulettes à la main ou à l'aide de cuillères, puis faites les cuire dans une poêle avec de l'huile d'olive. Quand toutes les boulettes sont cuites, rajoutez la sauce tomate et laissez mijoter 5 minutes. Servez chaud","N'hésitez pas à faire vous-même votre sauce tomate et à rajouter des épices dans les boulettes (thym, persil, paprika, etc. ...) !",Calories,"441,825",kcal,,,,Protéines,24,g,,,,,,,,,,,,,,,,,,,,
,"0,25",,Œufs,Épicerie,,,Protéines,"15,2975",g,,,,Lipides,"5,38",g,,,,,,,,,,,,,,,,,,,,
,"0,75",,Oignons,Primeur ou producteur,,,Lipides,"31,942",g,,,,Glucides,0,g,,,,,,,,,,,,,,,,,,,,
,150,ml,Sauce tomate,Primeur ou producteur,,,Glucides,"20,15675",g,,,,Calcium,"17,7",mg,,,,,,,,,,,,,,,,,,,,
,1,c. à s.,Huile d'olive,Épicerie,,,Calcium,"79,7555",mg,,,,Vitamines C,"1,37",mg,,,,,,,,,,,,,,,,,,,,
,,,Sel & Poivre,Épicerie,,,Vitamines C,"12,5625",mg,,Pâtes,100 g,Calories,336,kcal,,,,,,,,,,,,,,,,,,,,
,,,,,,,,,,,,,Protéines,"11,5",g,,,,,,,,,,,,,,,,,,,,
Brochettes de viandes et de légumes,50,g,"Viande (poulet, bœuf, etc. ...) pour brochettes",Boucherie,"Coupez la viande et les légumes en morceaux de taille moyenne, puis embrochez-les sur les pics à brochettes. Assaisonnez à votre gout.

Faites cuire les brochettes sur un grill ou sur un plat à même les braises. Servez bien chaud.

Option végétarienne : Enlevez la viande et remplacez-là par d'autres légumes, et en plus grande quantité.",N'hésitez pas à faire mariner les légumes et la viande avant la cuisson !,Calories,"195,4583333",kcal,,,,Lipides,"1,79",g,,,,,,,,,,,,,,,,,,,,
,1,,Oignons,Primeur ou producteur,,,Protéines,"12,56666667",g,,,,Glucides,"65,8",g,,,,,,,,,,,,,,,,,,,,
,"0,25",,Poivrons,Primeur ou producteur,,,Lipides,"9,377916667",g,,,,Calcium,"20,5",mg,,,,,,,,,,,,,,,,,,,,
,"0,3333333333",,Tomates,Primeur ou producteur,,,Glucides,"12,71583333",g,,,,Vitamines C,0,mg,,,,,,,,,,,,,,,,,,,,
,"0,2",,Courgettes,Primeur ou producteur,,,Calcium,"54,95958333",mg,,Filet d'anchois,5 g,Calories,"6,4",kcal,,,,,,,,,,,,,,,,,,,,
,,,Sel & Poivre,Épicerie,,,Vitamines C,"79,39166666",mg,,,,Protéines,"1,25",g,,,,,,,,,,,,,,,,,,,,
Viandes et légumes cuits au barbecue,75,g,"Viande (poulet, bœuf, porc, etc. ...) pour barbecue",Boucherie,"La recette est très simple : enlevez le gras des pièces de  viandes achetées, découpez-les si elles sont trop grosses et découpez les légumes en gros morceaux s'il le faut (pour des aubergines ou des courgettes par exemple). Assaisonnez.

Mettez-les sur un grill sur un feu sans trop de flammes, retournez-les fréquemment et retirez-les quand tout est cuit à cœur, même si l'aspect peut sembler trop cuit. Servez bien chaud.",N'hésitez pas à faire mariner la viande et les légumes au préalable !,Calories,"167,25",kcal,,,,Lipides,"0,155",g,,,,,,,,,,,,,,,,,,,,
,300,g,Légumes de saison,Primeur ou producteur,,,Protéines,"14,4",g,,,,Glucides,0,g,,,,,,,,,,,,,,,,,,,,
,,,Sel & Poivre,Épicerie,,,Lipides,"12,15",g,,,,Calcium,"27,1",mg,,,,,,,,,,,,,,,,,,,,
,,,,,,,Glucides,0,g,,,,Vitamines C,0,mg,,,,,,,,,,,,,,,,,,,,
,,,,,,,Calcium,"4,5",mg,,Haricots verts,100 g,Calories,31,kcal,,,,,,,,,,,,,,,,,,,,
,,,,,,,Vitamines C,0,mg,,,,Protéines,"1,85",g,,,,,,,,,,,,,,,,,,,,
Calamars aux poivrons,150,g,Calamars,Poissonnerie,"Commencez par nettoyer les calamars ou achetez-les directement en poissonnerie lavés et préparés. Lavez-les et coupez-les en rondelles.

Coupez les tomates et les poivrons en petits dés, et hachez les oignons et l'ail. Faites revenir l'ail, les oignons et les poivrons dans une poêle avec de l'huile d'olive. Quand les oignons commencent à colorer, ajoutez le calamar, puis les tomates 2 minutes plus tard. Mélangez bien et laissez mijoter une bonne demi-heure. Assaisonnez à votre goût et servez chaud.","N'hésitez pas à rajouter des épices dans la préparation (thym, laurier, paprika, etc. ...) !",Calories,"328,225",kcal,,,,Lipides,"0,21",g,,,,,,,,,,,,,,,,,,,,
,"1,25",,Tomates,Primeur ou producteur,,,Protéines,"24,48525",g,,,,Glucides,"3,85",g,,,,,,,,,,,,,,,,,,,,
,"0,5",,Oignons,Primeur ou producteur,,,Lipides,"17,846",g,,,,Calcium,"48,5",mg,,,,,,,,,,,,,,,,,,,,
,"0,5",,Gousses d'ail,Primeur ou producteur,,,Glucides,"14,6725",g,,,,Vitamines C,"13,6",mg,,,,,,,,,,,,,,,,,,,,
,"0,5",,Poivrons,Primeur ou producteur,,,Calcium,"62,3655",mg,,1 courgette,250 g,Calories,"41,5",kcal,,,,,,,,,,,,,,,,,,,,
,1,c. à s.,Huile d'olive,Épicerie,,,Vitamines C,"149,0525",mg,,,,Protéines,"3,05",g,,,,,,,,,,,,,,,,,,,,
,,,Sel & Poivre,Épicerie,,,,,,,,,Lipides,"0,65",g,,,,,,,,,,,,,,,,,,,,
Poêlée de crevettes au citron et à l'ail,125,g,Crevettes,Poissonnerie,"Hachez l'ail et lavez et préparez les crevettes en enlevant toutes les parties qui ne se mangent pas.

Faites revenir les crevettes et l'ail dans une poêle avec l'huile d'olive. Lorsque le tout est bien doré, déglacez l'ensemble avec le jus de citron et faites bien revenir les crevettes pendant 2 minutes. Servez bien chaud.",N'hésitez pas à rajouter du piment d'Espelette dans préparation !,Calories,"249,83",kcal,,,,Glucides,"4,5",g,,,,,,,,,,,,,,,,,,,,
,"0,25",,Citrons,Primeur ou producteur,,,Protéines,"18,5425",g,,,,Calcium,"46,75",mg,,,,,,,,,,,,,,,,,,,,
,1,,Gousse d'ail,Primeur ou producteur,,,Lipides,"16,7145",g,,,,Vitamines C,"43,75",mg,,,,,,,,,,,,,,,,,,,,
,1,c. à s.,Huile d'olive,Épicerie,,,Glucides,"4,7025",g,,Haricots blancs secs,100 g,Calories,302,kcal,,,,,,,,,,,,,,,,,,,,
,,,Sel & Poivre,Épicerie,,,Calcium,"30,3955",mg,,,,Protéines,"19,1",g,,,,,,,,,,,,,,,,,,,,
,,,,,,,Vitamines C,"22,08",mg,,,,Lipides,"1,78",g,,,,,,,,,,,,,,,,,,,,
Poisson en croûte de sel,300,g,Gros sel,Épicerie,"Dans un plat, faites une couche d'un centimètre de gros sel, posez le poisson par-dessus, puis recouvrez-le entièrement de gros sel. Couvrez-le et placez-le sur les braises.

Au bout d'environ 45 minutes de cuisson, retirez le poisson du feu, et cassez la croûte de sel, puis servez le poisson.","N'hésitez pas à ajouter des garnitures aromatiques (thym, persil, laurier, coriandre, etc. ...) dans le poisson avant sa cuisson !",Calories,318,kcal,,,,Glucides,"43,9",g,,,,,,,,,,,,,,,,,,,,
,300,g,Poisson blanc,Poissonnerie,,,Protéines,66,g,,,,Calcium,183,mg,,,,,,,,,,,,,,,,,,,,
,,,,,,,Lipides,"6,18",g,,,,Vitamines C,"2,04",mg,,,,,,,,,,,,,,,,,,,,
,,,,,,,Glucides,0,g,,Poisson blanc,100 g,Calories,106,kcal,,,,,,,,,,,,,,,,,,,,
,,,,,,,Calcium,"89,4",mg,,,,Protéines,22,g,,,,,,,,,,,,,,,,,,,,
,,,,,,,Vitamines C,"1,23",mg,,,,Lipides,"2,06",g,,,,,,,,,,,,,,,,,,,,
Poulet trappeur,"0,2",,Poulets entiers,Boucherie,"Retirez les pattes et la tête du poulet puis enveloppez le poulet dans une couche d'argile ou mettez-le dans un plat couvert.

Mettez le tout sur un lit de braises, et recouvrez-le de braises pour qu'il soit entièrement dans la braise, et laissez cuire 2 heures.

Retirez le poulet du feu à la fin de la cuisson, cassez la croûte d'argile et nettoyez le poulet si il reste des bouts d'argile ou des cendres. Servez bien chaud.",N'hésitez pas à assaisonner le poulet avant la cuisson !,Calories,"410,4",kcal,,,,Glucides,0,g,,,,,,,,,,,,,,,,,,,,
,,,,,,,Protéines,"69,48",g,,,,Calcium,"29,8",mg,,,,,,,,,,,,,,,,,,,,
,,,,,,,Lipides,"14,58",g,,,,Vitamines C,"0,41",mg,,,,,,,,,,,,,,,,,,,,
,,,,,,,Glucides,0,g,,Lardons fumés,100 g,Calories,272,kcal,,,,,,,,,,,,,,,,,,,,
,,,,,,,Calcium,"37,08",mg,,,,Protéines,"16,7",g,,,,,,,,,,,,,,,,,,,,
,,,,,,,Vitamines C,"11,16",mg,,,,Lipides,"22,6",g,,,,,,,,,,,,,,,,,,,,
Papillote de poisson aux légumes,100,g,Poisson local,Poissonnerie,"Coupez les oignons et les légumes, puis faites les dorer à la poêle avec de l'huile d'olive jusqu'à coloration.

Pendant ce temps, couper les filets de poisson en 4, puis faites-les mariner dans l'huile d'olive, le jus de citron, le sel et le poivre pendant environ 30 minutes.

Disposez les légumes dans un plat ou dans une croûte d'argile, puis ajoutez le poisson, une goutte d'huile d'olive et assaisonnez. 

Couvrez le plat ou refermez la croûte d'argile, et faites cuire 20 minutes le poisson dans les braises. Retirez du feu à la fin de la cuisson, cassez le croûte et servez chaud.",N'hésitez pas à rajouter des herbes et des épices sur le poisson avant la cuisson !,Calories,"178,384",kcal,,,,Glucides,"0,35",g,,,,,,,,,,,,,,,,,,,,
,"0,5",,Oignons,Primeur ou producteur,,,Protéines,"23,0266",g,,,,Calcium,"18,2",mg,,,,,,,,,,,,,,,,,,,,
,200,g,Légumes de saison,Primeur ou producteur,,,Lipides,"6,443",g,,,,Vitamines C,"0,9",mg,,,,,,,,,,,,,,,,,,,,
,"0,2",,Citrons,Primeur ou producteur,,,Glucides,"5,4315",g,,Parmesan,100 g,Calories,429,kcal,,,,,,,,,,,,,,,,,,,,
,"0,25",c. à s.,Huile d'olive,Épicerie,,,Calcium,"51,934375",mg,,,,Protéines,"34,5",g,,,,,,,,,,,,,,,,,,,,
,,,Sel & Poivre,Épicerie,,,Vitamines C,"15,575",mg,,,,Lipides,"32,7",g,,,,,,,,,,,,,,,,,,,,
Pavé de poisson à la normande,100,g,Poisson blanc,Poissonnerie,"Pelez les pommes, puis coupez-les en dés. Faites-les revenir dans une poêle chaude et réservez.

Faites chauffer l'huile d'olive dans une casserole, coupez finement les échalotes et faites-les revenir dans la poêle. Ajoutez la crème, salez et poivrez.

Déposez les filets de poisson dans un plat, ajoutez les dés de pomme et la sauce, couvrez et mettez sur le feu pour une bonne dizaine de minutes. Servez aussitôt.",,Calories,"409,91",kcal,,,,Glucides,0,g,,,,,,,,,,,,,,,,,,,,
,"0,25",,Pommes,Primeur ou producteur,,,Protéines,"23,489875",g,,,,Calcium,1160,mg,,,,,,,,,,,,,,,,,,,,
,50,ml,Crème fraîche épaisse,Épicerie,,,Lipides,"32,50375",g,,,,Vitamines C,0,mg,,,,,,,,,,,,,,,,,,,,
,"0,25",,Échalotes,Primeur ou producteur,,,Glucides,"5,52125",g,,Pignons de pin,100 g,Calories,695,kcal,,,,,,,,,,,,,,,,,,,,
,1,c. à s.,Huile d'olive,Épicerie,,,Calcium,"70,9105",mg,,,,Protéines,"13,7",g,,,,,,,,,,,,,,,,,,,,
,,,Sel & Poivre,Épicerie,,,Vitamines C,"1,958875",mg,,,,Lipides,65,g,,,,,,,,,,,,,,,,,,,,
Couscous simplifié,2,,Merguez,Boucherie,"Lavez et épluchez les légumes et les couper en cubes de taille moyenne. Dans une casserole, mettez les légumes, les épices, et remplissez d'eau à hauteur des légumes, puis faites cuire une bonne demi-heure, le temps que tous les légumes soient presque fondants. Ajoutez les courgettes et les pois chiches, puis refaites cuire 20 minutes.

A côté de cela, faites griller les merguez au barbecue.

Servez le tout ensemble, bien chaud.

Option végétarienne : Il suffit de retirer la viande et de rajouter des légumineuses à la place.","N'hésitez pas à ajouter du piment dans les légumes, selon vos goûts !",Calories,"732,6227498",kcal,,,,Glucides,"6,31",g,,,,,,,,,,,,,,,,,,,,
,"0,8333333333",,Carottes,Primeur ou producteur,,,Protéines,"34,09276494",g,,,,Calcium,"6,2",mg,,,,,,,,,,,,,,,,,,,,
,"1,666666667",,Navets,Primeur ou producteur,,,Lipides,"38,13637332",g,,,,Vitamines C,"0,5",mg,,,,,,,,,,,,,,,,,,,,
,"0,3333333333",,Courgettes,Primeur ou producteur,,,Glucides,"54,07315008",g,,1 Aubergine,300 g,Calories,"63,6",kcal,,,,,,,,,,,,,,,,,,,,
,"66,66666667",g,Pois chiches,Primeur ou producteur,,,Calcium,"262,1530001",mg,,,,Protéines,"3,36",g,,,,,,,,,,,,,,,,,,,,
,"0,5",c. à s.,Épices à couscous,Épicerie,,,Vitamines C,"81,72916641",mg,,,,Lipides,"0,42",g,,,,,,,,,,,,,,,,,,,,
,,,Sel & Poivre,Épicerie,,,,,,,,,Glucides,"7,17",g,,,,,,,,,,,,,,,,,,,,
Chili con carne,100,g,Viande hachée,Boucherie,"Préparez et coupez-les oignons et les poivrons en petits morceaux. 

Chauffez l'huile dans une cocotte, et faites-y cuire la viande hachée à feu vif tout en séparant bien la viande. Ajoutez les oignons et les poivrons. Faire revenir à feu vif 2 ou 3 minutes en remuant de temps en temps. Ajouter les épices et assaisonnez, puis mélangez bien.

Ajoutez les haricots rouges et le maïs avec leur jus et les tomates. Mélangez bien et rectifiez les assaisonnements. Laissez mijoter 10 minutes et servez bien chaud.

Option végétarienne : Il sufit d'enlever la viande hachée et de la remplacer par des lentilles cuites.","N'hésitez pas à rajouter du piment  et des épices dans le chili, selon vos goûts !",Calories,"522,72275",kcal,,,,Calcium,"26,1",mg,,,,,,,,,,,,,,,,,,,,
,"0,5",,Oignons,Primeur ou producteur,,,Protéines,"30,842765",g,,,,Vitamines C,"6,3",mg,,,,,,,,,,,,,,,,,,,,
,"0,5",,Poivrons,Primeur ou producteur,,,Lipides,"23,24054",g,,Chair à saucisse,100 g,Calories,273,kcal,,,,,,,,,,,,,,,,,,,,
,50,g,Haricots rouges,Primeur ou producteur,,,Glucides,"40,64565",g,,,,Protéines,"15,4",g,,,,,,,,,,,,,,,,,,,,
,50,g,Maïs,Primeur ou producteur,,,Calcium,"75,93825",mg,,,,Lipides,"21,2",g,,,,,,,,,,,,,,,,,,,,
,"0,5",,Tomates,Primeur ou producteur,,,Vitamines C,"136,3975",mg,,,,Glucides,"5,25",g,,,,,,,,,,,,,,,,,,,,
,"0,5",c. à s.,Épices chili,Épicerie,,,,,,,,,Calcium,14,mg,,,,,,,,,,,,,,,,,,,,
,"0,5",c. à s.,Huile d'olive,Épicerie,,,,,,,,,Vitamines C,"0,7",mg,,,,,,,,,,,,,,,,,,,,
,,,Sel & Poivre,Épicerie,,,,,,,Lentilles corail,100 g,Calories,328,kcal,,,,,,,,,,,,,,,,,,,,
Tomates farcies,125,g,Chair à saucisse,Boucherie,"Coupez les oignons et l'ail très finement. Coupez le haut des tomates, videz la chair des tomates. Mettez les oignons et l'ail dans une poêle, faites-les revenir dans une poêle avec l'huile d'olive puis ajoutez la chair de tomate et faites bien revenir le tout 10 minutes. 

Mélangez le chair à saucisse à celle de tomate cuite, assaisonnez, puis remplissez les tomates avec cela. Refermez les tomates avec les chapeaux, mettez-les dans un plat, couvrez-les, et mettez-le plat dans les braises une bonne demi-heure au moins. Vérifiez la cuisson de la viande et remettez sur le feu si la viande n'est pas assez cuite. Servez les tomates bien chaudes.

Option végétarienne : Il suffit de changer la chair à saucisse par de la mie de pain aux céréales ou de pain noir.",,Calories,"474,45",kcal,,,,Protéines,"27,7",g,,,,,,,,,,,,,,,,,,,,
,1,,Tomates,Primeur ou producteur,,,Protéines,"21,49275",g,,,,Lipides,"0,8",g,,,,,,,,,,,,,,,,,,,,
,"0,75",,Oignons,Primeur ou producteur,,,Lipides,"34,966",g,,,,Glucides,"44,9",g,,,,,,,,,,,,,,,,,,,,
,"0,5",,Gousses d'ail,Primeur ou producteur,,,Glucides,"16,38375",g,,,,Calcium,29,mg,,,,,,,,,,,,,,,,,,,,
,"0,5",c. à s.,Huile d'olive,Épicerie,,,Calcium,"55,97025",mg,,,,Vitamines C,"0,5",mg,,,,,,,,,,,,,,,,,,,,
,,,Sel & Poivre,Épicerie,,,Vitamines C,"21,215",mg,,Lait de coco,100 mL,Calories,188,kcal,,,,,,,,,,,,,,,,,,,,
Poulet basquaise,100,g,Poulet,Boucherie,"Hachez l'oignon et l'ail, et coupez le poulet, les tomates et poivrons en petits morceaux.

Faites chauffer l'huile dans une cocotte et faites-y dorer les oignons, l'ail et les poivron pendant 5 bonnes minutes. Ajoutez les tomates à la cocotte, salez, poivrez et ajoutez le piment. Couvrez et laissez mijoter 20 minutes.

Dans une sauteuse, faites dorer dans l'huile d'olive les morceaux de poulet salés et poivrés.
Lorsqu'ils sont dorés, ajoutez-les aux légumes, couvrez, et laissez mijoter 35 minutes de cuisson. Servez bien chaud.",N'hésitez pas à ajouter du chorizo ou d'autres garnitures locales dans la préparation !,Calories,"335,5530417",kcal,,,,Protéines,"1,77",g,,,,,,,,,,,,,,,,,,,,
,"1,666666667",,Tomates,Primeur ou producteur,,,Protéines,"31,61246584",g,,,,Lipides,"18,4",g,,,,,,,,,,,,,,,,,,,,
,1,,Poivrons,Primeur ou producteur,,,Lipides,"17,66835333",g,,,,Glucides,"3,4",g,,,,,,,,,,,,,,,,,,,,
,"0,5",,Oignons,Primeur ou producteur,,,Glucides,"10,22074167",g,,,,Calcium,18,mg,,,,,,,,,,,,,,,,,,,,
,"0,5",,Gousses d'ail,Primeur ou producteur,,,Calcium,"47,68116669",mg,,,,Vitamines C,1,mg,,,,,,,,,,,,,,,,,,,,
,1,c. à s.,Huile d'olive,Épicerie,,,Vitamines C,"29,94708339",mg,,1 c. à c. Cumin,2 g,Calories,"8,54",kcal,,,,,,,,,,,,,,,,,,,,
,"0,25",c. à c.,Piment d'Espelette,Épicerie,,,,,,,,,Protéines,"0,356",g,,,,,,,,,,,,,,,,,,,,
,,,Sel & Poivre,Épicerie,,,,,,,,,Lipides,"0,446",g,,,,,,,,,,,,,,,,,,,,
Poulet au curry,100,g,Poulet,Boucherie,"Hachez finement les oignons et coupez en morceaux le poulet.

Dans une poêle, faites revenir les oignons avec l'huile d'olive, et lorsqu'ils sont bien dorés, ajoutez le poulet. Faites le bien revenir pendant 2 ou 3 minutes. Ajoutez le curry en poudre et la crème fraîche, et laissez cuire 2 minutes en mélangeant bien. Assaisonnez et servez bien chaud.

Option végétarienne : Il suffit de retirer le poulet et de le remplacer par des légumes (carottes par exemples) ou des légumineuses (pois chiches par exemple).","N'hésitez pas à ajouter de la citronnelle, des oignons nouveaux ou du persil haché sur le dessus du curry !",Calories,"385,765",kcal,,,,Glucides,"0,674",g,,,,,,,,,,,,,,,,,,,,
,"0,75",c. à c.,Curry en poudre,Épicerie,,,Protéines,"31,4775",g,,,,Calcium,"18,62",mg,,,,,,,,,,,,,,,,,,,,
,50,ml,Crème fraîche épaisse,Épicerie,,,Lipides,"25,185",g,,,,Vitamines C,"0,154",mg,,,,,,,,,,,,,,,,,,,,
,"0,5",c. à s.,Huile d'olive,Épicerie,,,Glucides,"7,02195",g,,Chapelure,100 g,Calories,374,kcal,,,,,,,,,,,,,,,,,,,,
,"0,5",,Oignons,Primeur ou producteur,,,Calcium,"78,16775",mg,,,,Protéines,"11,6",g,,,,,,,,,,,,,,,,,,,,
,,,Sel & Poivre,Épicerie,,,Vitamines C,"3,1855",mg,,,,Lipides,"3,77",g,,,,,,,,,,,,,,,,,,,,
Curry de porc,150,g,Porc,Boucherie,"Hachez finement les oignons et l'ail et coupez en morceaux le porc.

Dans une poêle, faites revenir les oignons et l'ail avec l'huile d'olive, et lorsqu'ils sont bien dorés, ajoutez le porc. Faites le bien revenir pendant 2 ou 3 minutes. Ajoutez le curry en poudre et la crème fraîche, et laissez cuire 2 minutes en mélangeant bien. Assaisonnez et servez bien chaud.

Option végétarienne : Il suffit de retirer le porc et de le remplacer par des légumes (carottes par exemples) ou des légumineuses (pois chiches par exemple).","N'hésitez pas à ajouter de la citronnelle, des oignons nouveaux ou du persil haché sur le dessus du curry !",Calories,"541,835",kcal,,,,Glucides,70,g,,,,,,,,,,,,,,,,,,,,
,"0,4",,Oignons,Primeur ou producteur,,,Protéines,"29,18525",g,,,,Calcium,"72,8",mg,,,,,,,,,,,,,,,,,,,,
,"0,4",,Gousses d'ail,Primeur ou producteur,,,Lipides,"44,2705",g,,,,Vitamines C,0,mg,,,,,,,,,,,,,,,,,,,,
,"0,5",c. à c.,Curry en poudre,Épicerie,,,Glucides,"5,5513",g,,Nouilles,100 g,Calories,371,kcal,,,,,,,,,,,,,,,,,,,,
,50,ml,Crème fraîche épaisse,Épicerie,,,Calcium,"68,40525",mg,,,,Protéines,"11,9",g,,,,,,,,,,,,,,,,,,,,
,"0,5",c. à s.,Huile d'olive,Épicerie,,,Vitamines C,"3,0495",mg,,,,Lipides,3,g,,,,,,,,,,,,,,,,,,,,
,,,Sel & Poivre,Épicerie,,,,,,,,,Glucides,71,g,,,,,,,,,,,,,,,,,,,,
Fajitas,100,g,Poulet,Boucherie,"Coupez les poivrons et les oignons en petits morceaux, et faites-les cuire dans une poêle avec l'huile d'olive. Découpez le poulet en morceaux, et ajoutez-les aux légumes dans la poêle. Assaisonnez et ajoutez les épices chili.

Coupez les tomates en dés. 

Placez sur la table des petits bols contenant les tomates, la crème et le poulet chaud. Réchauffez les fajitas 5 minutes, dans un plat près du feu. 

Chaque jeune garnit sa fajita à sa guise, qu'il mange de la viande ou pas.","N'hésitez pas à ajouter de nouvelles garnitures en fonction de ce que vous avez proche de votre lieux de camp (fromage, légumes, etc.. ...) !",Calories,"499,6354165",kcal,,,,Calcium,"5,5",mg,,,,,,,,,,,,,,,,,,,,
,2,,Galettes de maïs ou de blé,Épicerie,,,Protéines,"38,61279833",g,,,,Vitamines C,0,mg,,,,,,,,,,,,,,,,,,,,
,"0,6666666667",,Tomates,Primeur ou producteur,,,Lipides,"17,86953333",g,,Riz à risotto,100 g,Calories,352,kcal,,,,,,,,,,,,,,,,,,,,
,"0,3333333333",,Oignons,Primeur ou producteur,,,Glucides,"42,59901664",g,,,,Protéines,"7,04",g,,,,,,,,,,,,,,,,,,,,
,20,ml,Crème fraîche épaisse,Épicerie,,,Calcium,"76,51051654",mg,,,,Lipides,"0,91",g,,,,,,,,,,,,,,,,,,,,
,"0,5",,Poivrons,Primeur ou producteur,,,Vitamines C,"158,2914333",mg,,,,Glucides,78,g,,,,,,,,,,,,,,,,,,,,
,"0,5",c. à s.,Huile d'olive,Épicerie,,,,,,,,,Calcium,33,mg,,,,,,,,,,,,,,,,,,,,
,"0,5",c. à c.,Épices chili,Épicerie,,,,,,,,,Vitamines C,0,mg,,,,,,,,,,,,,,,,,,,,
,,,Sel & Poivre,Épicerie,,,,,,,Pois chiches secs,100 g,Calories,351,kcal,,,,,,,,,,,,,,,,,,,,
Hamburger,1,,Steaks hachés,Boucherie,"Faites cuire les steaks hachés en les salant et poivrant. Hachez les oignons et faites-les revenir dans une poêle. Coupez les tomates en rondelles et le cornichons en lamelles.

Montez le hamburger, avec de la sauce sur chaque pain, puis le steak, le fromage, les oignons, la salade, les tomates, les cornichons et le pain du haut. Dégustez bien chaud.

Option végétarienne : Remplacez les steaks hachés par des steaks de haricots rouges ou des falafels.",N'hésitez pas à ajouter des garnitures et des sauces différentes !,Calories,"435,85",kcal,,,,Protéines,"20,5",g,,,,,,,,,,,,,,,,,,,,
,1,,Pains hamburger,Boulangerie,,,Protéines,"24,6915",g,,,,Lipides,"5,85",g,,,,,,,,,,,,,,,,,,,,
,"0,5",,Oignons,Primeur ou producteur,,,Lipides,"19,7685",g,,,,Glucides,"47,5",g,,,,,,,,,,,,,,,,,,,,
,"0,5",,Tomates,Primeur ou producteur,,,Glucides,"36,5075",g,,,,Calcium,"90,5",mg,,,,,,,,,,,,,,,,,,,,
,10,g,Fromage local,Fromagerie,,,Calcium,"176,96",mg,,,,Vitamines C,"3,5",mg,,,,,,,,,,,,,,,,,,,,
,10,g,Salade verte,Primeur ou producteur,,,Vitamines C,"12,598",mg,,1 Fromage type coulommiers,250 g,Calories,"697,5",kcal,,,,,,,,,,,,,,,,,,,,
,1,c. à s.,Ketchup,Épicerie,,,,,,,,,Protéines,47,g,,,,,,,,,,,,,,,,,,,,
,,,Sel & Poivre,Épicerie,,,,,,,,,Lipides,57,g,,,,,,,,,,,,,,,,,,,,
Rougail saucisse,1,,Saucisses fumées,Boucherie,"Mettez les saucisses à bouillir dans de l'eau en piquant les saucisses. En attendant, émincez l'oignon et les tomates, et hachez l'ail et les piments.

Quand les saucisses sont prêtes, coupez-les en tranches de calibre moyen. Mettez-les dans une poêle avec l'huile d'olive. Mélangez un peu, quand les saucisses brunissent de chaque côté, ajoutez l'oignon, l'ail et le curcuma. Laissez tout cela ""compoter"" pendant 2 minutes, puis ajoutez le piment. Mélangez. Ajoutez les tomates, assaisonnez, mélangez bien. Couvrez, mélangez de temps en temps et laissez bien réduire la tomate. Servez bien chaud.",N'hésitez pas à ajouter du gingembre râpé si vous en avez !,Calories,"559,911",kcal,,,,Glucides,0,g,,,,,,,,,,,,,,,,,,,,
,"0,25",,Oignons,Primeur ou producteur,,,Protéines,"40,684925",g,,,,Calcium,1000,mg,,,,,,,,,,,,,,,,,,,,
,"0,6",,Tomates,Primeur ou producteur,,,Lipides,"70,89925",g,,,,Vitamines C,0,mg,,,,,,,,,,,,,,,,,,,,
,"0,25",,Piments doux,Primeur ou producteur,,,Glucides,"7,17275",g,,1 piment doux,200 g,Calories,89,kcal,,,,,,,,,,,,,,,,,,,,
,"0,25",,Gousses d'ail,Primeur ou producteur,,,Calcium,"310,704",mg,,,,Protéines,"3,74",g,,,,,,,,,,,,,,,,,,,,
,"0,5",c. à c.,Curcuma,Épicerie,,,Vitamines C,"122,69575",mg,,,,Lipides,"0,64",g,,,,,,,,,,,,,,,,,,,,
,"0,5",c. à s.,Huile d'olive,Épicerie,,,,,,,,,Glucides,"15,4",g,,,,,,,,,,,,,,,,,,,,
,,,Sel & Poivre,Épicerie,,,,,,,,,Calcium,28,mg,,,,,,,,,,,,,,,,,,,,
Hachis parmentier,100,g,Viande hachée,Boucherie,"Hachez les oignons et l'ail, et faites-les revenir dans une poêle avec l'huile d'olive. Une fois dorés, ajoutez la viande hachée, assaisonnez et faites la cuire en la séparant bien.

Faites cuire les pommes de terre dans de l'eau bouillante, puis écrasez-les avec le beurre et le fromage, et assaisonnez.

Dans un plat, mettez la viande hachée sur le fond, puis recouvrez le tout d'écrasée de pommes de terre, couvrez puis remettez sur le feu une dizaine de minutes. Servez bien chaud.",N'hésitez pas à ajouter de la chapelure ou du fromage sur le hachis parmentier pour avoir un effet gratiné !,Calories,"502,025",kcal,,,,Vitamines C,310,mg,,,,,,,,,,,,,,,,,,,,
,"0,75",,Pommes de terre,Primeur ou producteur,,,Protéines,"24,08725",g,,Calamars,100 g,Calories,77,kcal,,,,,,,,,,,,,,,,,,,,
,"0,5",,Oignons,Primeur ou producteur,,,Lipides,"35,4785",g,,,,Protéines,"14,4",g,,,,,,,,,,,,,,,,,,,,
,"0,5",,Gousses d'ail,Primeur ou producteur,,,Glucides,"19,1525",g,,,,Lipides,"1,19",g,,,,,,,,,,,,,,,,,,,,
,20,g,Fromage râpé,Fromagerie,,,Calcium,"234,32025",mg,,,,Glucides,"2,17",g,,,,,,,,,,,,,,,,,,,,
,10,g,Beurre,Épicerie,,,Vitamines C,"17,6525",mg,,,,Calcium,"17,5",mg,,,,,,,,,,,,,,,,,,,,
,"0,5",c. à s.,Huile d'olive,Épicerie,,,,,,,,,Vitamines C,"4,7",mg,,,,,,,,,,,,,,,,,,,,
,,,Sel & Poivre,Épicerie,,,,,,,Crevette,100 g,Calories,77,kcal,,,,,,,,,,,,,,,,,,,,
Croziflette,75,g,Crozet au sarrasin,Épicerie,"Faites cuire les crozets dans l'eau bouillante salée pendant 20 minutes.

Coupez les oignons en lamelles et faites-les revenir dans de l'huile d'olive jusqu'à ce qu'ils soient caramélisés. Ajoutez les lardons, puis 2 minutes plus tard la crème dans la poêle, et faites réduire le tout.

Égouttez les crozets. Mettez dans un plat à gratin une couche de crozet, une couche de crème, lardon et oignons, et ainsi de suite. Mettez au-dessus les reblochons coupés en 2, puis couvrez le tout, et faites cuire au feu jusqu'à ce que le reblochon commence à fondre au-dessus. Servez bien chaud.

Option végétarienne : Il suffit d'enlever les lardons, et soit les remplacer par des oignons, soit ne pas les remplacer.",N'hésitez pas à rajouter des morceaux de reblochon entre les couches de crozet !,Calories,"1062,25",kcal,,,,Protéines,"14,4",g,,,,,,,,,,,,,,,,,,,,
,50,g,Lardons fumés,Boucherie,,,Protéines,"45,66",g,,,,Lipides,"1,19",g,,,,,,,,,,,,,,,,,,,,
,50,ml,Crème fraîche épaisse,Épicerie,,,Lipides,"71,015",g,,,,Glucides,"2,17",g,,,,,,,,,,,,,,,,,,,,
,"0,5",,Oignons,Primeur ou producteur,,,Glucides,"58,4575",g,,,,Calcium,"17,5",mg,,,,,,,,,,,,,,,,,,,,
,"0,25",,Reblochons,Fromagerie,,,Calcium,"655,24275",mg,,,,Vitamines C,"4,7",mg,,,,,,,,,,,,,,,,,,,,
,"0,5",c. à s.,Huile d'olive,Épicerie,,,Vitamines C,"3,625",mg,,1 poulet entier,1800 g,Calories,2052,kcal,,,,,,,,,,,,,,,,,,,,
,,,Sel & Poivre,Épicerie,,,,,,,,,Protéines,"347,4",g,,,,,,,,,,,,,,,,,,,,
Tartiflette,2,,Pommes de terre,Primeur ou producteur,"Faites cuire les pommes de terre dans l'eau bouillante salée jusqu'à ce qu'elles soient fondantes.
Couper les oignons en lamelles et faites-les revenir dans de l'huile d'olive jusqu'à ce qu'ils soient caramélisés. Ajoutez les lardons, puis 2 minutes plus tard la crème dans la poêle, et faites réduire le tout.

Égouttez les pommes de terre et coupez-les en grosses tranches. Mettez dans un plat à gratin une couche de pommes de terre, une couche de crème, lardon et oignons, et ainsi de suite. Mettez au-dessus les reblochons coupés en 2, puis couvrez le tout, et faites cuire au feu jusqu'à ce que le reblochon commence à fondre au-dessus. Servez bien chaud.

Option végétarienne : Il suffit d'enlever les lardons, et soit les remplacer par des oignons, soit ne pas les remplacer.",N'hésitez pas à rajouter des morceaux de reblochon entre les couches de pommes de terre !,Calories,"940,95",kcal,,,,Lipides,"72,9",g,,,,,,,,,,,,,,,,,,,,
,50,g,Lardons fumés,Boucherie,,,Protéines,"40,23",g,,,,Glucides,0,g,,,,,,,,,,,,,,,,,,,,
,50,ml,Crème fraîche épaisse,Épicerie,,,Lipides,"69,125",g,,,,Calcium,"185,4",mg,,,,,,,,,,,,,,,,,,,,
,"0,5",,Oignons,Primeur ou producteur,,,Glucides,"36,3575",g,,,,Vitamines C,"55,8",mg,,,,,,,,,,,,,,,,,,,,
,"0,25",,Reblochons,Fromagerie,,,Calcium,"683,84275",mg,,1 citron,120 g,Calories,"46,92",kcal,,,,,,,,,,,,,,,,,,,,
,"0,5",c. à s.,Huile d'olive,Épicerie,,,Vitamines C,"41,425",mg,,,,Protéines,"1,008",g,,,,,,,,,,,,,,,,,,,,
,,,Sel & Poivre,Épicerie,,,,,,,,,Lipides,"0,84",g,,,,,,,,,,,,,,,,,,,,
Escalope de poulet aux champignons,100,g,Poulet,Boucherie,"Couper le poulet en gros morceaux, puis faites-le revenir dans l'huile pendant quelques minutes. Ajoutez l'oignon émincé, l'ail haché et assaisonnez. Mélangez le tout et faites revenir le tout jusqu'à ce que les oignons soient translucides.

Ajoutez les champignons et laissez cuire a couvert avec environ 50 cl d'eau pendant 10 minutes. Ajoutez la crème, et laissez cuire encore 5 minutes en ajustant l'assaisonnement, puis servez bien chaud.",N'hésitez pas à rajouter du fond de volaille ou du bouillon de volaille dans la sauce !,Calories,"307,1675",kcal,,,,Glucides,"3,72",g,,,,,,,,,,,,,,,,,,,,
,"0,25",,Oignons,Primeur ou producteur,,,Protéines,"31,706125",g,,,,Calcium,"16,44",mg,,,,,,,,,,,,,,,,,,,,
,"0,25",,Gousses d'ail,Primeur ou producteur,,,Lipides,"17,35475",g,,,,Vitamines C,"61,2",mg,,,,,,,,,,,,,,,,,,,,
,50,ml,Crème fraîche épaisse,Épicerie,,,Glucides,"5,30275",g,,1 merguez,60 g,Calories,"189,6",kcal,,,,,,,,,,,,,,,,,,,,
,30,g,Champignons de Paris,Primeur ou producteur,,,Calcium,"63,54025",mg,,,,Protéines,"8,1",g,,,,,,,,,,,,,,,,,,,,
,,,Sel & Poivre,Épicerie,,,Vitamines C,"2,86575",mg,,,,Lipides,"16,8",g,,,,,,,,,,,,,,,,,,,,
Porc au caramel,125,g,Poitrine de porc,Boucherie,"Coupez la poitrine de porc en gros morceaux en laissant la couenne. Mettez les morceaux dans une marmite chaude sans matière grasse, et faites-les bien revenir.

Lorsque la viande est bien colorée, ajoutez la sauce soja, le sucre et l'eau. Couvrez et laissez mijoter le temps que le caramel se forme bien autour des morceaux de porc, en remuant à intervalles réguliers. Servez bien chaud.",N'hésitez pas à rajouter des cacahuètes dans le plat !,Calories,"269,298",kcal,,,,Glucides,"1,5",g,,,,,,,,,,,,,,,,,,,,
,"62,5",ml,Eau,,,,Protéines,"22,7832",g,,,,Calcium,"13,26",mg,,,,,,,,,,,,,,,,,,,,
,5,g,Sucre,Épicerie,,,Lipides,"17,504",g,,,,Vitamines C,"0,42",mg,,,,,,,,,,,,,,,,,,,,
,1,c. à s.,Sauce soja,Épicerie,,,Glucides,"5,2632",g,,Haricots rouges,100 g,Calories,314,kcal,,,,,,,,,,,,,,,,,,,,
,,,Sel & Poivre,Épicerie,,,Calcium,"7,5265",mg,,,,Protéines,"22,5",g,,,,,,,,,,,,,,,,,,,,
,,,,,,,Vitamines C,0,mg,,,,Lipides,"1,06",g,,,,,,,,,,,,,,,,,,,,
Bœuf façon Strogonoff,120,g,Bœuf,Boucherie,"Lavez les champignons et coupez-les en lamelles. Pelez les échalotes et les oignons, puis hachez-les. Découpez la viande en lanières de taille moyenne.

Dans une sauteuse, faites dorer rapidement les morceaux de viande avec l'huile d'olive. Lorsque la viande est dorée, ajoutez les oignons, les échalotes et les champignons, et faites revenir le tout jusqu'à ce que l'ensemble soit cuit. Ajoutez la crème fraîche et le paprika. Assaisonnez. Couvrez la marmite, et laissez mijoter pendant 5 minutes. Servez chaud.",N'hésitez pas à ajouter de la moutarde à l'ancienne avec la crème !,Calories,"583,835",kcal,,,,Glucides,"46,1",g,,,,,,,,,,,,,,,,,,,,
,50,g,Champignons de Paris,Primeur ou producteur,,,Protéines,"26,29825",g,,,,Calcium,83,mg,,,,,,,,,,,,,,,,,,,,
,"0,5",,Échalotes,Primeur ou producteur,,,Lipides,"50,269",g,,,,Vitamines C,"4,5",mg,,,,,,,,,,,,,,,,,,,,
,"0,25",,Oignons,Primeur ou producteur,,,Glucides,"5,30725",g,,Galette de blé,"58,3 g",Calories,"90,948",kcal,,,,,,,,,,,,,,,,,,,,
,1,c. à s.,Huile d'olive,Épicerie,,,Calcium,"62,8155",mg,,,,Protéines,"3,46885",g,,,,,,,,,,,,,,,,,,,,
,50,ml,Crème fraîche épaisse,Épicerie,,,Vitamines C,"3,43525",mg,,,,Lipides,"0,88033",g,,,,,,,,,,,,,,,,,,,,
,"0,5",c. à c.,Paprika,Épicerie,,,,,,,,,Glucides,"16,4406",g,,,,,,,,,,,,,,,,,,,,
,,,Sel & Poivre,Épicerie,,,,,,,,,Calcium,"12,5928",mg,,,,,,,,,,,,,,,,,,,,
Poulet mariné miel & moutarde,100,g,Poulet,Boucherie,"Coupez le poulet en lanières. Dans un plat, mélangez la moutarde, le miel, l'ail haché et la sauce soja. Laissez mariner au moins une heure.

A la fin de la marinade, faites revenir dans une poêle les morceaux de poulet jusqu'à ce qu'ils soient bien cuits, assaisonnez. Servez bien chaud.","N'hésitez pas à rajouter des cacahuètes, des oignons frits ou des oignons nouveaux au poulet à la fin de la cuisson !",Calories,"185,544",kcal,,,,Vitamines C,"12,5928",mg,,,,,,,,,,,,,,,,,,,,
,1,c. à c.,Moutarde,Épicerie,,,Protéines,"29,887925",g,,Pain hamburger,50 g,Calories,"146,5",kcal,,,,,,,,,,,,,,,,,,,,
,"0,75",c. à s.,Miel,Épicerie,,,Lipides,"2,43825",g,,,,Protéines,"4,535",g,,,,,,,,,,,,,,,,,,,,
,"0,25",,Gousses d'ail,Primeur ou producteur,,,Glucides,"10,94765",g,,,,Lipides,"2,675",g,,,,,,,,,,,,,,,,,,,,
,"0,5",c. à s.,Sauce soja,Épicerie,,,Calcium,"20,522375",mg,,,,Glucides,"24,85",g,,,,,,,,,,,,,,,,,,,,
,,,Sel & Poivre,Épicerie,,,Vitamines C,"0,33425",mg,,,,Calcium,"44,5",mg,,,,,,,,,,,,,,,,,,,,
Poulet satay,100,g,Poulet,Boucherie,"Découpez le poulet en petits morceaux. Mettez-les à mariner une heure minimum dans le mélange d'huile neutre et de sauce soja. A la fin de la marinade, faites-les revenir ensuite une dizaine de minutes dans une poêle.

Pendant ce temps-là, préparer la sauce en faisant chauffer la crème à feu doux, en y ajoutant le curry rouge, le sucre et le beurre de cacahuètes.

Dès que le poulet est prêt, mélangez-le à la sauce, assaisonnez et servez bien chaud.","N'hésitez pas à rajouter de vraies cacahuètes, des oignons frits ou des oignons nouveaux au poulet à la fin de la cuisson !",Calories,"390,134",kcal,,,,Vitamines C,"0,25",mg,,,,,,,,,,,,,,,,,,,,
,"0,5",c. à s.,Huile neutre,Épicerie,,,Protéines,"31,5541",g,,Saucisse fumée,150 g,Calories,450,kcal,,,,,,,,,,,,,,,,,,,,
,"0,5",c. à s.,Sauce soja,Épicerie,,,Lipides,"26,61325",g,,,,Protéines,"28,5",g,,,,,,,,,,,,,,,,,,,,
,50,ml,Crème fraîche épaisse,Épicerie,,,Glucides,"5,4904",g,,,,Lipides,"37,35",g,,,,,,,,,,,,,,,,,,,,
,"0,5",c. à c.,Curry rouge,Épicerie,,,Calcium,"58,943",mg,,,,Glucides,"0,27",g,lanutrition.fr,,,,,,,,,,,,,,,,,,,
,"2,5",g,Sucre,Épicerie,,,Vitamines C,"0,257",mg,,,,Calcium,"27,45",mg,,,,,,,,,,,,,,,,,,,,
,"0,25",c. à s.,Beurre de cacahuètes,Épicerie,,,,,,,,,Vitamines C,"25,2",mg,,,,,,,,,,,,,,,,,,,,
,,,Sel & Poivre,Épicerie,,,,,,,1 c. à c. Curcuma,2 g,Calories,"5,82",kcal,,,,,,,,,,,,,,,,,,,,
Pot-au-feu,200,g,Bœuf,Boucherie,"Coupez le bœuf en lanières, puis hachez les oignons et l'ail. Faites revenir le tout rapidement dans une grande marmite avec l'huile d'olive, puis ajoutez de l'eau (environ 500 ml par personne), et laissez le tout mijoter.

Épluchez et coupez en gros morceaux tous les légumes, puis au bout d'une heure de cuisson de la viande, ajoutez-les dans la marmite. 

Une petite heure plus tard, assaisonnez et vérifiez la cuisson du tout. Servez bien chaud.

Option végétarienne : Il suffit de retirer le boeuf à la préparation.","Si votre boucher en a un, n'hésitez pas à rajouter un os à moelle dans la préparation !",Calories,"869,2875",kcal,,,,Protéines,"0,1936",g,,,,,,,,,,,,,,,,,,,,
,"0,5",,Carottes,Primeur ou producteur,,,Protéines,"49,387625",g,,,,Lipides,"0,065",g,,,,,,,,,,,,,,,,,,,,
,"0,5",,Poireaux,Primeur ou producteur,,,Lipides,"44,90175",g,,,,Glucides,"0,888",g,,,,,,,,,,,,,,,,,,,,
,1,,Pommes de terre,Primeur ou producteur,,,Glucides,"52,73375",g,,,,Calcium,"3,36",mg,,,,,,,,,,,,,,,,,,,,
,"0,1",,Choux blancs,Primeur ou producteur,,,Calcium,"887,999",mg,,,,Vitamines C,"0,014",mg,,,,,,,,,,,,,,,,,,,,
,"0,5",,Navets,Primeur ou producteur,,,Vitamines C,"146,28875",mg,,Crozet au sarrasin,100 g,Calories,366,kcal,MyFitnessPal,,,,,,,,,,,,,,,,,,,
,"0,25",,Oignons,Primeur ou producteur,,,,,,,,,Protéines,13,g,MyFitnessPal,,,,,,,,,,,,,,,,,,,
,"0,25",,Gousses d'ail,Primeur ou producteur,,,,,,,,,Lipides,3,g,MyFitnessPal,,,,,,,,,,,,,,,,,,,
,"0,5",,Bouquets garnis,Épicerie,,,,,,,,,Glucides,70,g,MyFitnessPal,,,,,,,,,,,,,,,,,,,
,"0,5",c. à s.,Huile d'olive,Épicerie,,,,,,,,,Calcium,0,mg,MyFitnessPal,,,,,,,,,,,,,,,,,,,
,,,Sel & Poivre,Épicerie,,,,,,,,,Vitamines C,0,mg,MyFitnessPal,,,,,,,,,,,,,,,,,,,
Croquettes de poisson ou de poulet,100,g,Poisson local ou poulet,Boucherie ou poissonnerie,"Coupez la viande en tous petits morceaux. Mélangez la viande avec le pain de mie lui-même émietté, la crème et les œufs jusqu'à ce que ce soit une pâte homogène. Assaisonnez.

Former de petites boules de pâte à la main, trempez-les dans la chapelure puis faites-les revenir dans une poêle avec un peu de matière grasse en les retournant régulièrement jusqu'à ce que la croquette soit entièrement bien dorée. Servez chaud.","N'hésitez pas servir ces croquettes avec une sauce faite maison à base de yaourt, de citron et de menthe !",Calories,"551,875",kcal,,1 Reblochon,500 g,Calories,1630,kcal,,,,,,,,,,,,,,,,,,,,
,"0,5",,Œufs,Épicerie,,,Protéines,"37,68975",g,,,,Protéines,102,g,,,,,,,,,,,,,,,,,,,,
,25,g,Pain rassis,Boulangerie,,,Lipides,"9,9715",g,,,,Lipides,137,g,,,,,,,,,,,,,,,,,,,,
,30,g,Chapelure,Épicerie,,,Glucides,"74,7155",g,,,,Glucides,0,g,,,,,,,,,,,,,,,,,,,,
,5,ml,Crème fraîche épaisse,Épicerie,,,Calcium,"84,185",mg,,,,Calcium,2355,mg,,,,,,,,,,,,,,,,,,,,
,,,Sel & Poivre,Épicerie,,,Vitamines C,"7,31",mg,,,,Vitamines C,0,mg,,,,,,,,,,,,,,,,,,,,
Paella,100,g,Poulet,Boucherie,"Coupez le chorizo et les oignons en fines tranches et le poulet en morceaux de taille moyenne. Faites revenir le poulet dans une grande poêle avec l'huile d'olive, la moitié des oignons, le chorizo et les crevettes. Assaisonnez le tout, puis mettez-le tout dans une casserole avec les moules et les petits pois, de l'eau à hauteur, mélangez bien et faites bouillir le tout.

Dans une très grande poêle, faites chauffer le reste des oignons et le riz, et mélangez bien. Faites cuire le riz avec l'eau de cuisson des moules, jusqu'à ce qu'il soit bien cuit, puis mélangez le tout, et servez bien chaud.",N'hésitez pas à rajouter des artichauts ou du calamar dans la paella !,Calories,"543,595",kcal,,Bœuf,100 g,Calories,223,kcal,,,,,,,,,,,,,,,,,,,,
,3,,Moules,Poissonnerie,,,Protéines,"42,56",g,,,,Protéines,"19,2",g,,,,,,,,,,,,,,,,,,,,
,25,g,Chorizo,Boucherie,,,Lipides,"19,6155",g,,,,Lipides,"16,2",g,,,,,,,,,,,,,,,,,,,,
,25,g,Petits pois,Primeur ou producteur,,,Glucides,"47,351",g,,,,Glucides,0,g,,,,,,,,,,,,,,,,,,,,
,"0,5",c. à s.,Huile d'olive,Épicerie,,,Calcium,"62,94275",mg,,,,Calcium,6,mg,,,,,,,,,,,,,,,,,,,,
,50,g,Riz,Épicerie,,,Vitamines C,"14,26",mg,,,,Vitamines C,0,mg,,,,,,,,,,,,,,,,,,,,
,"0,5",,Oignons,Primeur ou producteur,,,,,,,1 c. à c. Paprika,2 g,Calories,"6,38",kcal,,,,,,,,,,,,,,,,,,,,
,,,Sel & Poivre,Épicerie,,,,,,,,,Protéines,"0,282",g,,,,,,,,,,,,,,,,,,,,
Riz cantonais,50,g,Riz,Épicerie,"Faites cuire le riz, et rincez-le à l'eau froide.

Coupez le jambon en dés et émincez finement les oignons. Faites revenir l'oignon avec les petits pois et l'huile d'olive pendant 3 minutes environ. Versez le mélange dans un plat.

Battez les œufs en omelette, faites-les cuire et coupez-la en lanières.

Mélangez le riz, les petits pois, les oignons, le jambon et l'omelette dans une poêle, assaisonnez et faites chauffer 3 minutes en remuant bien. Servez bien chaud.

Option végétaroienne : Il suffit de retirer le jambon, et si vous voulez, vous pouvez le remplacer par du tofu fumé ou des champignons.",N'hésitez pas à rajouter des oignons frits ou des oignons nouveaux dans le riz à la fin de la cuisson !,Calories,"360,825",kcal,,,,Lipides,"0,258",g,,,,,,,,,,,,,,,,,,,,
,"0,5",,Oignons,Primeur ou producteur,,,Protéines,"14,74",g,,,,Glucides,"0,382",g,,,,,,,,,,,,,,,,,,,,
,"0,5",,Œufs,Épicerie,,,Lipides,"12,3865",g,,,,Calcium,"4,58",mg,,,,,,,,,,,,,,,,,,,,
,"0,5",c. à s.,Huile d'olive,Épicerie,,,Glucides,"45,711",g,,,,Vitamines C,"0,018",mg,,,,,,,,,,,,,,,,,,,,
,1,tranches,Jambon blanc,Boucherie,,,Calcium,"68,85775",mg,,1 Moule,5 g,Calories,"3,59",kcal,,,,,,,,,,,,,,,,,,,,
,25,g,Petits pois,Primeur ou producteur,,,Vitamines C,"29,25",mg,,,,Protéines,"0,56",g,,,,,,,,,,,,,,,,,,,,
,,,Sel & Poivre,Épicerie,,,,,,,,,Lipides,"0,091",g,,,,,,,,,,,,,,,,,,,,
Rouleaux de printemps,3,,Galettes de riz,Épicerie,"Coupez en lanières le poisson et mettez-le dans un bol avec la sauce soja.

Immergez une galette de riz dans un plat d'eau chaude, remuez doucement du bout des doigts de façon à sentir lorsqu'elle sera assez souple pour être roulée. Etendez-la sur votre plan de travail, répartissez les alimentes en lignes en bout de galette. Fermez les rouleaux, en tenant compte de l'élasticité de vos galettes, n'hésitez pas à serrer tout en restant prudent au cas où la galette se déchirerait. Repliez les côtés, et mettez au frais.

Servez bien frais.

Option végétarienne : Vous pouvez retirer le poisson et le remplacer par des oeufs, des pousses de soja, du tofu ou des légumes crus.",N'hésitez pas à changer les garnitures avec des garnitures locales !,Calories,"194,926",kcal,,,,Glucides,"0,1345",g,,,,,,,,,,,,,,,,,,,,
,100,g,Poisson local,Poissonnerie,,,Protéines,"25,9239",g,,,,Calcium,"2,575",mg,,,,,,,,,,,,,,,,,,,,
,2,c. à c.,Sauce soja,Épicerie,,,Lipides,"3,359",g,,,,Vitamines C,"0,32",mg,,,,,,,,,,,,,,,,,,,,
,1,tiges,Menthe,Épicerie,,,Glucides,"14,6164",g,,Chorizo,100 g,Calories,425,kcal,,,,,,,,,,,,,,,,,,,,
,25,g,Salade verte,Primeur ou producteur,,,Calcium,"151,959",mg,,,,Protéines,"23,5",g,,,,,,,,,,,,,,,,,,,,
,,,Sel & Poivre,Épicerie,,,Vitamines C,"4,2875",mg,,,,Lipides,"36,1",g,,,,,,,,,,,,,,,,,,,,
Flammekueche au feu de bois,150,g,Pâte à pizza,Boulangerie,"Étalez le plus finement possible la pâte à pizza, et parsemez-la de crème, puis des oignons coupés en petits morceaux et des lardons. Salez légèrement et poivrez.

Mettez le tout dans un plat, couvrez et mettez sur le feu une bonne dizaine de minutes, jusqu'à ce que la pâte soit bien cuite et les lardons cuits. Servez bien chaud.

Option végétarienne : Vous pouvez retirer les lardons et les remplacer par des champignons.",Faites vous-même votre pâte à pizza et ajoutez des garnitures locales !,Calories,"1137,5",kcal,,,,Glucides,"1,24",g,,,,,,,,,,,,,,,,,,,,
,1,,Oignons,Primeur ou producteur,,,Protéines,"44,57",g,,,,Calcium,0,mg,,,,,,,,,,,,,,,,,,,,
,200,g,Lardons fumés,Boucherie,,,Lipides,"80,08",g,,,,Vitamines C,0,mg,,,,,,,,,,,,,,,,,,,,
,100,ml,Crème fraîche épaisse,Épicerie,,,Glucides,"56,465",g,,Petits pois,100 g,Calories,"67,3",kcal,,,,,,,,,,,,,,,,,,,,
,,,Sel & Poivre,Épicerie,,,Calcium,"150,8",mg,,,,Protéines,"5,84",g,,,,,,,,,,,,,,,,,,,,
,,,,,,,Vitamines C,"8,15",mg,,,,Lipides,"0,55",g,,,,,,,,,,,,,,,,,,,,
Pizza au feu de bois,150,g,Pâte à pizza,Boulangerie,"Versez une partie de l'huile dans un plat, et déposez dessus la pâte à pizza étalée finement, et laissez-la cuire une dizaine de minutes. Retournez-la, et mettez dessus la sauce tomate, le fromage, la basilic et l'huile d'olive restante. Laissez cuire jusqu'à ce que le fromage soit bien fondu, et servez bien chaud.","Faites vous-même votre pâte à pizza, votre sauce tomate et ajoutez des garnitures locales !",Calories,"711,915",kcal,,,,Glucides,7,g,,,,,,,,,,,,,,,,,,,,
,75,g,Sauce tomate,Primeur ou producteur,,,Protéines,"29,5065",g,,,,Calcium,"27,5",mg,,,,,,,,,,,,,,,,,,,,
,75,g,Fromage râpé,Fromagerie,,,Lipides,"43,07025",g,,,,Vitamines C,"41,5",mg,,,,,,,,,,,,,,,,,,,,
,1,c. à s.,Huile d'olive,Épicerie,,,Glucides,"50,15875",g,,Pâte à pizza,100 g,Calories,240,kcal,,,,,,,,,,,,,,,,,,,,
,"0,5",tiges,Basilic,Épicerie,,,Calcium,"773,4105",mg,,,,Protéines,"7,05",g,,,,,,,,,,,,,,,,,,,,
,,,,,,,Vitamines C,"5,55",mg,,,,Lipides,"3,45",g,,,,,,,,,,,,,,,,,,,,
Croque-monsieur,4,tranches,Pain de mie,Boulangerie,"Beurrez chaque tranche de pain de mie sur une seule face. Sur l'une des tranche, sur la face non-beurrée, mettez une tranche de jambon, et la moitié du gruyère, puis refermez avec une deuxième tranche, sur la face non-beurrée. Faites de même avec le reste des ingrédients.

Dans une poêle, faites cuire les croque-monsieur 2 minutes de chaque côté, pour que le fromage soit juste fondu. Servez bien chaud. 

Option végétarienne : Faites vos croques-monsieur avec des épinards et du fromage de chèvre.",N'hésitez pas à changer la garnitures avec des ingrédients locaux !,Calories,"622,8",kcal,,,,Glucides,"44,2",g,,,,,,,,,,,,,,,,,,,,
,5,g,Beurre,Épicerie,,,Protéines,"28,0845",g,,,,Calcium,0,mg,,,,,,,,,,,,,,,,,,,,
,2,tranches,Jambon blanc,Boucherie,,,Lipides,"18,465",g,,,,Vitamines C,0,mg,,,,,,,,,,,,,,,,,,,,
,20,g,Fromage râpé,Fromagerie,,,Glucides,"81,6925",g,,Sauce tomate,100 g,Calories,"78,8",kcal,,,,,,,,,,,,,,,,,,,,
,,,,,,,Calcium,"398,92",mg,,,,Protéines,"1,52",g,,,,,,,,,,,,,,,,,,,,
,,,,,,,Vitamines C,32,mg,,,,Lipides,"4,18",g,,,,,,,,,,,,,,,,,,,,
Omelette campagnarde,"1,5",,Œufs,Épicerie,"Détaillez les champignons et les oignons en lamelles. Faites-les revenir dans une poêle sans matière grasse, puis ajoutez les lardons.

A côté, coupez-les pommes de terre en morceaux de taille moyenne, puis faites les cuire 10 bonnes minutes dans l'eau bouillante. 

Dans une grande poêle, mélangez les œufs battus en omelette, les lardons, les champignons, oignons et les pommes de terre. Assaisonnez en mélangeant bien, puis faites cuire à feu doux 5 minutes; Retournez le tout et finalisez la cuisson quelques minutes. Servez bien chaud.

Option végétarienne : Vous pouvez retirer les champignons.",N'hésitez pas à rajouter des garnitures locales dans la préparation !,Calories,"508,07",kcal,,,,Glucides,"7,69",g,,,,,,,,,,,,,,,,,,,,
,1,,Pommes de terre,Primeur ou producteur,,,Protéines,"31,639",g,,,,Calcium,"24,4",mg,,,,,,,,,,,,,,,,,,,,
,20,g,Champignons de Paris,Primeur ou producteur,,,Lipides,"32,164",g,,,,Vitamines C,"5,45",mg,,,,,,,,,,,,,,,,,,,,
,"0,5",,Oignons,Primeur ou producteur,,,Glucides,"20,7465",g,,1 tranche de pain de campagne ,35 g,Calories,"93,8",kcal,,,,,,,,,,,,,,,,,,,,
,100,g,Lardons fumés,Boucherie,,,Calcium,"121,576",mg,,,,Protéines,"2,8105",g,,,,,,,,,,,,,,,,,,,,
,,,Sel & Poivre,Épicerie,,,Vitamines C,"23,343",mg,,,,Lipides,"0,3255",g,,,,,,,,,,,,,,,,,,,,
Tartines,2,tranches,Pain de campagne,Boulangerie,"Découpez les aubergines, le fromage et les tomates en tranches, et disposez-les sur les tranches de pain. Faites griller ces tartines au grill sur le feu, jusqu'à ce que le fromage soit fondu. Servez bien chaud.","Les tartines peuvent être très différentes, n'hésitez pas à faire varie les garnitures en fonction de vos goûts et des produits locaux !",Calories,"457,8",kcal,,,,Glucides,"19,075",g,,,,,,,,,,,,,,,,,,,,
,1,,Tomates,Primeur ou producteur,,,Protéines,"23,411",g,,,,Calcium,"7,07",mg,,,,,,,,,,,,,,,,,,,,
,"0,5",,Aubergines,Primeur ou producteur,,,Lipides,"18,921",g,,,,Vitamines C,0,mg,,,,,,,,,,,,,,,,,,,,
,50,g,Fromage de chèvre,Fromagerie,,,Glucides,"43,995",g,,Tomme fraîche,100 g,Calories,356,kcal,,,,,,,,,,,,,,,,,,,,
,,,Sel & Poivre,Épicerie,,,Calcium,"482,83",mg,,,,Protéines,"23,9",g,,,,,,,,,,,,,,,,,,,,
,,,,,,,Vitamines C,"18,65",mg,,,,Lipides,"29,2",g,,,,,,,,,,,,,,,,,,,,
Truffade,2,,Pommes de terre,Primeur ou producteur,"Épluchez et coupez-les pommes de terre en rondelles, et faites-les cuire 20 minutes à la vapeur.
Hachez l'ail et faites-le revenir avec les pommes de terre dans une poêle une dizaine de minutes avec un peu de matière grasse, et assaisonnez.

Ajoutez les lardons, et faites-les revenir 5 minutes de plus, puis ajoutez le fromage coupé en morceaux et laisser fondre en remuant pendant 5 à 10 minutes. Ajoutez la crème fraîche et mélangez bien pour lier le tout. Servez bien chaud.

Option végétarienne : Vous pouvez retirer les lardons et les remplacer par des oignons, des échalotes ou des champignons.",N'hésitez pas à parsemer de cornichons et à manger avec de la salade pour rendre le tout plus léger !,Calories,"729,875",kcal,,,,Glucides,0,g,,,,,,,,,,,,,,,,,,,,
,50,g,Tomme fraîche,Fromagerie,,,Protéines,"38,63275",g,,,,Calcium,953,mg,,,,,,,,,,,,,,,,,,,,
,50,g,Cantal,Fromagerie,,,Lipides,"48,7435",g,,,,Vitamines C,0,mg,,,,,,,,,,,,,,,,,,,,
,50,g,Lardons fumés,Boucherie,,,Glucides,"31,6525",g,,Cantal ,100 g,Calories,371,kcal,,,,,,,,,,,,,,,,,,,,
,"0,5",,Gousses d'ail,Primeur ou producteur,,,Calcium,"930,9375",mg,,,,Protéines,"26,5",g,,,,,,,,,,,,,,,,,,,,
,25,ml,Crème fraîche épaisse,Épicerie,,,Vitamines C,"38,8275",mg,,,,Lipides,"29,7",g,,,,,,,,,,,,,,,,,,,,
,,,Sel & Poivre,Épicerie,,,,,,,,,Glucides,0,g,,,,,,,,,,,,,,,,,,,,
Fish and chips,2,,Pommes de terre,Primeur ou producteur,"Disposez la farine dans un saladier, et ajoutez-y les jaunes œufs, les blancs montés en neige et le lait en mélangeant bien. Assaisonnez et réserver la pâte à frire.

Epluchez les pommes de terre et coupez-les en segments. Les blanchir dans un bain d'huile de friture chauffé préalablement. Égouttez-les et débarrassez-les.

Coupez le poisson en gros morceaux, trempez-les dans la pâte à frire et plongez-les dans un bain d'huile de friture, et retirez-les lorsque la pâte est bien cuite, puis faites la deuxième cuisson des frites, jusqu'à ce qu'elles soient bien dorées. Servez chaud.",N'hésitez pas à faire marinez votre poisson et à ajouter des épices à vos pommes de terre avant la cuisson !,Calories,"446,25",kcal,,,,Calcium,791,mg,,,,,,,,,,,,,,,,,,,,
,100,g,Poisson local,Poissonnerie,,,Protéines,"34,3475",g,,,,Vitamines C,0,mg,,,,,,,,,,,,,,,,,,,,
,"37,5",g,Farine,Épicerie,,,Lipides,"6,08025",g,,Haricots verts,100 g,Calories,31,kcal,,,,,,,,,,,,,,,,,,,,
,25,ml,Lait,Épicerie,,,Glucides,"60,1485",g,,,,Protéines,"1,85",g,,,,,,,,,,,,,,,,,,,,
,"0,5",,Œufs,Épicerie,,,Calcium,"116,965",mg,,,,Lipides,"0,21",g,,,,,,,,,,,,,,,,,,,,
,,,Huile de friture,Épicerie,,,Vitamines C,"38,5575",mg,,,,Glucides,"3,85",g,,,,,,,,,,,,,,,,,,,,
,,,Sel & Poivre,Épicerie,,,,,,,,,Calcium,"48,5",mg,,,,,,,,,,,,,,,,,,,,
Moussaka,"62,5",g,Viande hachée,Boucherie,"Découpez les aubergines en fines tranches et faites-les dorer à la poêle 5 minutes.

A côté de ça, faites cuire la viande dans une poêle, avec l'oignon coupé en petits morceaux, l'ail haché et les tomates coupées en morceaux de taille moyenne. Assaisonnez.

Dans un plat, faites successivement des couches d'aubergine, de viande et de crème fraîche et recouvrez le tout de fromage? Couvrez, et mettez-le plat dans le braises pendant 15 bonnes minutes. Servez bien chaud.",N'hésitez pas à ajouter des épices dans la viande et à faire une béchamel maison à la place de la crème fraîche !,Calories,"503,5",kcal,,,,Vitamines C,"13,6",mg,,,,,,,,,,,,,,,,,,,,
,1,,Aubergines,Primeur ou producteur,,,Protéines,"24,005",g,,Pommes de terre grenaille,25 g,Calories,"19,15",kcal,,,,,,,,,,,,,,,,,,,,
,1,,Tomates,Primeur ou producteur,,,Lipides,"32,51",g,,,,Protéines,"0,54",g,,,,,,,,,,,,,,,,,,,,
,1,,Oignons,Primeur ou producteur,,,Glucides,"21,45",g,,,,Lipides,"0,045",g,,,,,,,,,,,,,,,,,,,,
,25,g,Fromage râpé,Fromagerie,,,Calcium,"358,065",mg,,,,Glucides,"3,8",g,,,,,,,,,,,,,,,,,,,,
,50,ml,Crème fraîche épaisse,Épicerie,,,Vitamines C,"28,025",mg,,,,Calcium,"14,3",mg,,,,,,,,,,,,,,,,,,,,
,,,Sel & Poivre,Épicerie,,,,,,,,,Vitamines C,"18,9",mg,,,,,,,,,,,,,,,,,,,,
Haricots verts,250,g,Haricots verts,Primeur ou producteur,"Faites bouillir de l'eau sur le feu, et plongez-y les haricots verts une petite dizaine de minutes. Égouttez-les bien.

Coupez les oignons en fines lamelles, et faites les revenir 1 minute dans du beurre, puis ajoutez les haricots verts. Faites revenir le tout 5 petites minutes. Assaisonnez et servez bien chaud.",N'hésitez pas à rajouter des champignons ou des lardons avec les oignons dans la poêle !,Calories,"128,625",kcal,,Polenta,100 g,Calories,65,kcal,,,,,,,,,,,,,,,,,,,,
,"0,25",,Oignons,Primeur ou producteur,,,Protéines,"5,076",g,,,,Protéines,"1,38",g,,,,,,,,,,,,,,,,,,,,
,5,g,Beurre,Épicerie,,,Lipides,"4,7825",g,,,,Lipides,"0,31",g,,,,,,,,,,,,,,,,,,,,
,,,Sel & Poivre,Épicerie,,,Glucides,"11,99625",g,,,,Glucides,"13,5",g,,,,,,,,,,,,,,,,,,,,
,,,,,,,Calcium,"131,545",mg,,,,Calcium,"5,1",mg,,,,,,,,,,,,,,,,,,,,
,,,,,,,Vitamines C,"35,4625",mg,,,,Vitamines C,"0,5",mg,,,,,,,,,,,,,,,,,,,,
Pommes de terre grenaille,5,,Pommes de terre grenaille,Primeur ou producteur,"Lavez les pommes de terre, et coupez-les en deux si elles sont trop grosses. Dans un saladier, mélangez tous les ingrédients ensemble. 

Dans un grand plat, mettez les pommes de terre et couvrez le tout, puis mettez-le dans les braises pendant une bonne vingtaine de minutes. Augmentez le temps si les pommes de terre ne sont pas cuites, mélangez régulièrement, puis enlevez le plat des braises et servez directement.","N'hésitez pas à rajouter dans le plat, à la fin de la cuisson, des oignons, des champignons ou des noix cuits à côté dans une poêle !",Calories,"206,075",kcal,,Tagliatelles fraîches,100 g,Calories,283,kcal,,,,,,,,,,,,,,,,,,,,
,"0,25",c. à s.,Gros sel,Épicerie,,,Protéines,"2,94825",g,,,,Protéines,"10,1",g,,,,,,,,,,,,,,,,,,,,
,"0,75",brins,Romarin,Épicerie,,,Lipides,"11,9145",g,,,,Lipides,"1,87",g,,,,,,,,,,,,,,,,,,,,
,"0,75",c. à s.,Huile d'olive,Épicerie,,,Glucides,"19,495",g,,,,Glucides,"53,8",g,,,,,,,,,,,,,,,,,,,,
,,,,,,,Calcium,"95,564125",mg,,,,Calcium,35,mg,,,,,,,,,,,,,,,,,,,,
,,,,,,,Vitamines C,"96,135",mg,,,,Vitamines C,0,mg,,,,,,,,,,,,,,,,,,,,
Riz basmati aux oignons,70,g,Riz,Épicerie,"Coupez finement les oignons en lamelles, et faites-les revenir dans une poêle avec l'huile d'olive. Au bout d'une minute, rajoutez le riz et faites-le revenir 2 minutes à sec. Rajoutez ensuite 1,5 fois plus d'eau que de riz en volume, couvrez le tout, laissez le tout être absorbé par le riz. Mélangez bien, et servez bien chaud.",N'hésitez pas à faire caraméliser un peu les oignons avant la cuisson du riz avec du sucre ou du miel !,Calories,"343,15",kcal,,Blé,100 g,Calories,343,kcal,,,,,,,,,,,,,,,,,,,,
,"0,5",,Oignons,Primeur ou producteur,,,Protéines,"5,753",g,,,,Protéines,"12,1",g,,,,,,,,,,,,,,,,,,,,
,"0,5",c. à s.,Huile d'olive,Épicerie,,,Lipides,"8,602",g,,,,Lipides,"2,24",g,,,,,,,,,,,,,,,,,,,,
,,,,,,,Glucides,"59,2875",g,,,,Glucides,"62,4",g,,,,,,,,,,,,,,,,,,,,
,,,,,,,Calcium,"42,04275",mg,,,,Calcium,"30,2",mg,,,,,,,,,,,,,,,,,,,,
,,,,,,,Vitamines C,"2,925",mg,,,,Vitamines C,0,mg,,,,,,,,,,,,,,,,,,,,
Pommes de terre sautées,"1,25",,Pommes de terre,Primeur ou producteur,"Épluchez les pommes de terre, coupez-les en cubes et nettoyez-les à l'eau froide pour enlever l'amidon.

Dans une poêle avec le beurre fondu, faites revenir les pommes de terre une grande dizaine de minutes, puis ajoutez les oignons finement coupés en lamelles, assaisonnez, et laissez cuire jusqu'à ce que les oignons soient fondants, en mélangeant bien. Servez bien chaud.",N'hésitez pas à ajouter du persil ciselé ou de la coriandre en fin de cuisson sur les pommes de terre !,Calories,"146,875",kcal,,Boulgour,100 g,Calories,"80,7",kcal,,,,,,,,,,,,,,,,,,,,
,"0,25",,Oignons,Primeur ou producteur,,,Protéines,"3,151",g,,,,Protéines,"3,08",g,,,,,,,,,,,,,,,,,,,,
,5,g,Beurre,Épicerie,,,Lipides,"4,4825",g,,,,Lipides,"0,24",g,,,,,,,,,,,,,,,,,,,,
,,,Sel & Poivre,Épicerie,,,Glucides,"21,37125",g,,,,Glucides,"14,1",g,,,,,,,,,,,,,,,,,,,,
,,,,,,,Calcium,"28,17",mg,,,,Calcium,"60,7",mg,,,,,,,,,,,,,,,,,,,,
,,,,,,,Vitamines C,"25,0875",mg,,,,Vitamines C,0,mg,,,,,,,,,,,,,,,,,,,,
Écrasé de pommes de terre/carottes,"0,666666667",,Pommes de terre,Primeur ou producteur,"Lavez, épluchez et coupez en morceaux de taille moyenne les pommes de terre et les carottes. Faites bouillir de l'eau, puis plongez les pommes de terre. Au bout de 10 minutes, rajoutez les carottes, et attendez encore 20 minutes. Égouttez bien tous les légumes.

Mettez-les dans un saladier, avec le beurre, assaisonnez, et écrasez le tout avec une fourchette en mélangeant bien. Servez bien chaud.",N'hésitez pas à rajouter du fromage râpé local dans l'écrasé !,Calories,"154,733335",kcal,,Quinoa,100 g,Calories,116,kcal,,,,,,,,,,,,,,,,,,,,
,"0,333333333",,Carottes,Primeur ou producteur,,,Protéines,"1,726000053",g,,,,Protéines,"4,1",g,,,,,,,,,,,,,,,,,,,,
,"13,33333333",g,Beurre,Épicerie,,,Lipides,"10,88666664",g,,,,Lipides,"1,92",g,,,,,,,,,,,,,,,,,,,,
,,,Sel & Poivre,Épicerie,,,Glucides,"11,07333375",g,,,,Glucides,"18,8",g,,,,,,,,,,,,,,,,,,,,
,,,,,,,Calcium,"22,48666609",mg,,,,Calcium,17,mg,,,,,,,,,,,,,,,,,,,,
,,,,,,,Vitamines C,"12,93333393",mg,,,,Vitamines C,0,mg,,,,,,,,,,,,,,,,,,,,
Gratin dauphinois,2,,Pommes de terre,Primeur ou producteur,"Épluchez les pommes de terre et coupez-les en fines lamelles. Lavez-les à l'eau pour retirer l'amidon. Hachez l'ail. Mélangez le lait et la crème.

Dans un plat, placez l'ail haché dans le plat, puis les lamelles de pommes de terre, puis le mélange de lait et de crème. Assaisonnez.

Mettez le plat dans les braises pendant une petite heure, retirez et servez chaud.",N'hésitez pas à rajouter du fromage râpé local sur le gratin !,Calories,"325,17",kcal,,1 Épi de maïs,250 g,Calories,97,kcal,,,,,,,,,,,,,,,,,,,,
,"0,2",,Gousses d'ail,Primeur ou producteur,,,Protéines,"7,2531",g,,,,Protéines,"3,36",g,,,,,,,,,,,,,,,,,,,,
,50,ml,Crème fraîche épaisse,Épicerie,,,Lipides,"16,3984",g,,,,Lipides,"1,19",g,,,,,,,,,,,,,,,,,,,,
,50,ml,Lait ,Épicerie,,,Glucides,"34,117",g,,,,Glucides,17,g,,,,,,,,,,,,,,,,,,,,
,,,,,,,Calcium,"125,855",mg,,,,Calcium,"4,18",mg,,,,,,,,,,,,,,,,,,,,
,,,,,,,Vitamines C,"38,926",mg,,,,Vitamines C,"6,9",mg,,,,,,,,,,,,,,,,,,,,
Carottes au cumin,1,,Carottes,Primeur ou producteur,"Épluchez les carottes, et coupez-les en fines lamelles. Faites-les cuire 15 minutes dans de l'eau bouillante salée, puis égouttez-les.

Hachez l'ail, puis mélangez le avec les carottes et l'huile d'olive dans un saladier. Assaisonnez, mélangez bien et servez.",N'hésitez pas à rajouter un peu de jus de citron dans le plat !,Calories,"157,8475",kcal,,Amandes,100 g,Calories,634,kcal,,,,,,,,,,,,,,,,,,,,
,"0,25",c. à c.,Cumin,Épicerie,,,Protéines,"0,711625",g,,,,Protéines,"21,1",g,,,,,,,,,,,,,,,,,,,,
,"0,25",,Gousses d'ail,Primeur ou producteur,,,Lipides,"15,21575",g,,,,Lipides,"53,4",g,,,,,,,,,,,,,,,,,,,,
,1,c. à s.,Huile d'olive,Épicerie,,,Glucides,"3,0335",g,,,,Glucides,"7,85",g,,,,,,,,,,,,,,,,,,,,
,,,Sel & Poivre,Épicerie,,,Calcium,"37,54675",mg,,,,Calcium,248,mg,,,,,,,,,,,,,,,,,,,,
,,,,,,,Vitamines C,"1,26475",mg,,,,Vitamines C,"0,5",mg,,,,,,,,,,,,,,,,,,,,
Poêlée de légumes,200,g,Légumes de saison,Primeur ou producteur,"Épluchez les légumes et coupez-les en julienne (fines lamelles). Faites revenir les oignons dans une poêle avec l'huile d'olive. Si certains légumes nécessitent plus de cuisson, faites-les cuire à l'eau juste avant, mais sans surcuire ces légumes. Ajoutez-les ensuite à l'oignon, et faites-les revenir 5 minutes en assaisonnant. Servez chaud.",N'hésitez pas à ajouter des épices !,Calories,126,kcal,,Pousses de soja,100 g,Calories,"20,6",kcal,,,,,,,,,,,,,,,,,,,,
,1,,Oignons,Primeur ou producteur,,,Protéines,"1,65",g,,,,Protéines,"1,56",g,,,,,,,,,,,,,,,,,,,,
,"0,5",c. à s.,Huile d'olive,Épicerie,,,Lipides,"8,43",g,,,,Lipides,"0,12",g,,,,,,,,,,,,,,,,,,,,
,,,Sel & Poivre,Épicerie,,,Glucides,"9,375",g,,,,Glucides,"2,36",g,,,,,,,,,,,,,,,,,,,,
,,,,,,,Calcium,"37,69275",mg,,,,Calcium,"13,4",mg,,,,,,,,,,,,,,,,,,,,
,,,,,,,Vitamines C,"5,85",mg,,,,Vitamines C,"0,65",mg,,,,,,,,,,,,,,,,,,,,
Polenta,"62,5",g,Polenta,Épicerie,"Faites bouillir 4 fois plus d'eau que de polenta en volume. Ajoutez alors 1/3 de la polenta en pluie, et mélangez bien, puis ajoutez la fin de la polenta en mélangeant bien la polenta. Dès qu'elle se détache des bords de la casserole, la polenta est cuite. Assaisonnez et servez bien chaud;",N'hésitez pas à ajouter du lait à la place d'une partie de l'eau ou du fromage dans la polenta !,Calories,"40,625",kcal,,1 c. à c. Vinaigre blanc,14 g,Calories,"3,164",kcal,,,,,,,,,,,,,,,,,,,,
,,,Sel & Poivre,Épicerie,,,Protéines,"0,8625",g,,,,Protéines,"0,0056",g,,,,,,,,,,,,,,,,,,,,
,,,,,,,Lipides,"0,19375",g,,,,Lipides,"0,014",g,,,,,,,,,,,,,,,,,,,,
,,,,,,,Glucides,"8,4375",g,,,,Glucides,"0,0868",g,,,,,,,,,,,,,,,,,,,,
,,,,,,,Calcium,"3,1875",mg,,,,Calcium,"1,26",mg,,,,,,,,,,,,,,,,,,,,
,,,,,,,Vitamines C,"0,3125",mg,,,,Vitamines C,"0,07",mg,,,,,,,,,,,,,,,,,,,,
Gnocchis,2,,Pommes de terre,Primeur ou producteur,"Faites cuire les pommes de terre une demi-heure dans de l'eau bouillante, en vérifiant qu'elles soient bien fondantes à la fin de la cuisson. Égouttez-les, pelez-les et écrasez-les à la fourchette dans un saladier. Ajoutez la farine et assaisonnez, puis mélangez.

Pétrissez la pâte à la main, puis sur un plan de travail fariné, et formez des boudins d'environ 1 à 2 centimètres de diamètre. Coupez ces boudins en morceaux d'environ 2 centimètres de longueur, puis, dans une fourchette, faites rouler les morceaux en appuyant légèrement. 

Faites-les cuire dans une marmite d'eau bouillante, ils sont cuits dès qu'ils remontent à la surface. Servez bien chaud.",N'hésitez pas à faire revenir les gnocchis à la poile pour les rendre plus croustillants !,Calories,"295,6",kcal,,Fraises,100 g,Calories,"34,9",kcal,,,,,,,,,,,,,,,,,,,,
,40,g,Farine,Épicerie,,,Protéines,"7,944",g,,,,Protéines,"0,65",g,,,,,,,,,,,,,,,,,,,,
,,,Sel & Poivre,Épicerie,,,Lipides,"0,7",g,,,,Lipides,"0,18",g,,,,,,,,,,,,,,,,,,,,
,,,,,,,Glucides,"60,76",g,,,,Glucides,"6,14",g,,,,,,,,,,,,,,,,,,,,
,,,,,,,Calcium,"35,56",mg,,,,Calcium,"13,1",mg,,,,,,,,,,,,,,,,,,,,
,,,,,,,Vitamines C,"37,8",mg,,,,Vitamines C,"67,4",mg,,,,,,,,,,,,,,,,,,,,
Tagliatelles,100,g,Tagliatelles fraîches,Épicerie,"Dans une grande casserole d'eau bouillante, faites cuire le tagliatelles 3 minutes, puis égouttez-les, placez-les dans un saladier, assaisonnez et versez l'huile d'olive puis mélangez. Servez chaud.","N'hésitez pas à faire vous-même les tagliatelles, même si cela peut être très compliqué en camp !",Calories,"316,75",kcal,,1 c. à s. Cassonnade,10 g,Calories,"38,9",kcal,,,,,,,,,,,,,,,,,,,,
,"0,25",c. à s.,Huile d'olive,Épicerie,,,Protéines,"10,1",g,,,,Protéines,"0,012",g,,,,,,,,,,,,,,,,,,,,
,,,Sel & Poivre,Épicerie,,,Lipides,"5,62",g,,,,Lipides,0,g,,,,,,,,,,,,,,,,,,,,
,,,,,,,Glucides,"53,8",g,,,,Glucides,"9,71",g,,,,,,,,,,,,,,,,,,,,
,,,,,,,Calcium,"35,096375",mg,,,,Calcium,"8,3",mg,,,,,,,,,,,,,,,,,,,,
,,,,,,,Vitamines C,0,mg,,,,Vitamines C,0,mg,,,,,,,,,,,,,,,,,,,,
Blé,60,g,Blé,Épicerie,"Faites cuire, dans l'eau bouillante salée, le blé pendant une dizaine de minutes, puis égouttez le tout, et mettez-le blé cuit dans un saladier. Assaisonnez, et servez bien chaud.",N'hésitez pas à rajouter des légumes dans le blé !,Calories,"205,8",kcal,,1 Orange,150 g,Calories,"70,65",kcal,,,,,,,,,,,,,,,,,,,,
,,,Sel & Poivre,Épicerie,,,Protéines,"7,26",g,,,,Protéines,"1,65",g,,,,,,,,,,,,,,,,,,,,
,,,,,,,Lipides,"1,344",g,,,,Lipides,"0,54",g,,,,,,,,,,,,,,,,,,,,
,,,,,,,Glucides,"37,44",g,,,,Glucides,"11,88",g,,,,,,,,,,,,,,,,,,,,
,,,,,,,Calcium,"18,12",mg,,,,Calcium,"44,55",mg,,,,,,,,,,,,,,,,,,,,
,,,,,,,Vitamines C,0,mg,,,,Vitamines C,"85,5",mg,,,,,,,,,,,,,,,,,,,,
Boulgour,60,g,Boulgour,Épicerie,"Faites cuire, dans 2 fois plus d'eau bouillante salée, le boulgour pendant une dizaine de minutes, puis égouttez le tout s'il reste de l'eau, et mettez-le boulgour cuit dans un saladier. Assaisonnez, et servez bien chaud.",N'hésitez pas à rajouter des légumes dans le blé !,Calories,"48,42",kcal,,1 Pomme,140 g,Calories,"74,9",kcal,,,,,,,,,,,,,,,,,,,,
,,,Sel & Poivre,Épicerie,,,Protéines,"1,848",g,,,,Protéines,"0,7",g,,,,,,,,,,,,,,,,,,,,
,,,,,,,Lipides,"0,144",g,,,,Lipides,"0,7",g,,,,,,,,,,,,,,,,,,,,
,,,,,,,Glucides,"8,46",g,,,,Glucides,"15,68",g,,,,,,,,,,,,,,,,,,,,
,,,,,,,Calcium,"36,42",mg,,,,Calcium,"4,9",mg,,,,,,,,,,,,,,,,,,,,
,,,,,,,Vitamines C,0,mg,,,,Vitamines C,"4,858",mg,,,,,,,,,,,,,,,,,,,,
Quinoa,80,g,Quinoa,Épicerie,"Faites cuire, dans 2 fois plus d'eau bouillante salée, le boulgour pendant une dizaine de minutes, puis égouttez le tout s'il reste de l'eau, et mettez-le boulgour cuit dans un saladier. Couvrez et laissez gonfler 5 minutes. Assaisonnez, et servez bien chaud.",N'hésitez pas à rajouter des légumes dans le blé !,Calories,"92,8",kcal,,1 brin de romarin,10 g,Calories,"12,1",kcal,,,,,,,,,,,,,,,,,,,,
,,,Sel & Poivre,Épicerie,,,Protéines,"3,28",g,,,,Protéines,"0,331",g,,,,,,,,,,,,,,,,,,,,
,,,,,,,Lipides,"1,536",g,,,,Lipides,"0,586",g,,,,,,,,,,,,,,,,,,,,
,,,,,,,Glucides,"15,04",g,,,,Glucides,"0,66",g,,,,,,,,,,,,,,,,,,,,
,,,,,,,Calcium,"13,6",mg,,,,Calcium,"31,7",mg,,,,,,,,,,,,,,,,,,,,
,,,,,,,Vitamines C,0,mg,,,,Vitamines C,"2,18",mg,,,,,,,,,,,,,,,,,,,,
Épi de maïs au feu,1,,Épis de maïs,Primeur ou producteur,"Retirez les brins autour du maïs, puis rincez les épis. Beurrez les épis, assaisonnez-les. Placez-les dans un plat, couvrez-les et faites-les cuire dans un plat 10 minutes, sur les braises, puis sortez-les du plat et finissez la cuisson directement sur le grille pendant 2 minutes. Servez bien chaud.",N'hésitez pas à rajouter des épices sur l'épi de maïs avant la cuisson !,Calories,"133,5",kcal,,1 c. à c. Cannelle,2 g,Calories,"4,86",kcal,,,,,,,,,,,,,,,,,,,,
,5,g,Beurre,Épicerie,,,Protéines,"3,3985",g,,,,Protéines,"0,0774",g,,,,,,,,,,,,,,,,,,,,
,,,,,,,Lipides,"5,215",g,,,,Lipides,"0,0244",g,,,,,,,,,,,,,,,,,,,,
,,,,,,,Glucides,"17,0275",g,,,,Glucides,"0,55",g,,,,,,,,,,,,,,,,,,,,
,,,,,,,Calcium,"5,1",mg,,,,Calcium,20,mg,,,,,,,,,,,,,,,,,,,,
,,,,,,,Vitamines C,"6,9",mg,,,,Vitamines C,"0,076",mg,,,,,,,,,,,,,,,,,,,,
Ratatouille,"0,5",,Aubergines,Primeur ou producteur,"Coupez les tomates en morceaux de taille moyenne, et les aubergines et les courgettes en rondelles. Émincez les poivrons et les oignons en lamelles. Hachez l'ail.

Chauffez l'huile dans une poêle
et faites-y fondre les oignons et les poivrons. Lorsqu'ils sont tendres, ajoutez les tomates, l'ail haché, et le bouquet garni. Assaisonnez et laissez mijoter doucement à couvert durant 45 minutes.

Pendant ce temps, préparez les aubergines et les courgettes. Faites cuire séparément les aubergines et les courgettes dans l'huile d'olive pendant 15 minutes.
Vérifiez la cuisson des légumes pour qu'ils ne soient plus fermes.

Ajoutez-les au mélange de tomates et prolongez la cuisson sur tout petit feu pendant 10 min. Servez bien chaud.
Salez et poivrez si besoin.",N'hésitez pas à rajouter des épices dans la ratatouille en même temps que le bouquet garni !,Calories,"340,425",kcal,,1 c. à c. Épices à pain d'épice,2 g,Calories,"6,8",kcal,,,,,,,,,,,,,,,,,,,,
,"0,5",,Courgettes,Primeur ou producteur,,,Protéines,"7,96525",g,,,,Protéines,"0,242",g,,,,,,,,,,,,,,,,,,,,
,"0,5",,Poivrons,Primeur ou producteur,,,Lipides,"18,50475",g,,,,Lipides,"0,198",g,,,,,,,,,,,,,,,,,,,,
,"0,5",,Oignons,Primeur ou producteur,,,Glucides,"26,125",g,,,,Glucides,"0,752",g,,,,,,,,,,,,,,,,,,,,
,1,,Tomates,Primeur ou producteur,,,Calcium,"411,0055",mg,,,,Calcium,"8,94",mg,,,,,,,,,,,,,,,,,,,,
,"0,5",,Gousses d'ail,Primeur ou producteur,,,Vitamines C,"175,215",mg,,,,Vitamines C,"0,0554",mg,,,,,,,,,,,,,,,,,,,,
,"0,25",,Bouquets garnis,Épicerie,,,,,,,1 pâte brisée,200 g,Calories,754,kcal,,,,,,,,,,,,,,,,,,,,
,1,c. à s.,Huile d'olive,Épicerie,,,,,,,,,Protéines,"10,7",g,,,,,,,,,,,,,,,,,,,,
,,,Sel & Poivre,Épicerie,,,,,,,,,Lipides,39,g,,,,,,,,,,,,,,,,,,,,
Tian de légumes,1,,Tomates,Primeur ou producteur,"Coupez les tomates en rondelles de taille moyenne, et les aubergines et les courgettes en rondelles fines. Émincez les oignons en rondelles fines. Hachez l'ail.

Mettez l'ail dans le fond d'un plat, et aspergez le tout d'un filet d'huile. Rangez tous les légumes en rangées, en alternant les légumes. Versez la fin de l'huile d'olive sur le tout, assaisonnez, ajoutez le bouquet garni, couvrez et laissez cuire sur les braises une petite heure. Servez bien chaud. 

",N'hésitez pas à ajouter des épices et des garnitures en plus sur votre tian !,Calories,"339,125",kcal,,,,Glucides,"87,2",g,,,,,,,,,,,,,,,,,,,,
,1,,Courgettes,Primeur ou producteur,,,Protéines,"8,65025",g,,,,Calcium,0,mg,,,,,,,,,,,,,,,,,,,,
,"0,5",,Aubergines,Primeur ou producteur,,,Lipides,"18,56725",g,,,,Vitamines C,0,mg,,,,,,,,,,,,,,,,,,,,
,"0,5",,Oignons,Primeur ou producteur,,,Glucides,25,g,,Maïzena,100 g,Calories,362,kcal,,,,,,,,,,,,,,,,,,,,
,"0,5",,Gousses d'ail,Primeur ou producteur,,,Calcium,"429,588",mg,,,,Protéines,"0,43",g,,,,,,,,,,,,,,,,,,,,
,"0,25",,Bouquets garnis,Épicerie,,,Vitamines C,"77,84",mg,,,,Lipides,"0,25",g,,,,,,,,,,,,,,,,,,,,
,1,c. à s.,Huile d'olive,Épicerie,,,,,,,,,Glucides,"89,2",g,,,,,,,,,,,,,,,,,,,,
,,,Sel & Poivre,Épicerie,,,,,,,,,Calcium,6,mg,,,,,,,,,,,,,,,,,,,,
Haricots blancs/rouges,60,g,Haricots rouges ou blancs,Primeur ou producteur,"Faites tremper les haricots au moins 8 heures dans de l'eau froide, puis faites-les cuire à l'eau bouillante salée au moins une heure, en diminuant le feu, et en vérifiant la cuisson.

Egouttez, assaisonnez et servez bien chaud.",N'hésitez pas à ajouter des épices ou du bouillon dans l'eau de cuisson des haricots !,Calories,"188,4",kcal,,,,Vitamines C,0,mg,,,,,,,,,,,,,,,,,,,,
,,,Sel & Poivre,Épicerie,,,Protéines,"13,5",g,,Crème liquide,100 g,Calories,192,kcal,,,,,,,,,,,,,,,,,,,,
,,,,,,,Lipides,"0,636",g,,,,Protéines,"2,64",g,,,,,,,,,,,,,,,,,,,,
,,,,,,,Glucides,"27,66",g,,,,Lipides,"14,6",g,,,,,,,,,,,,,,,,,,,,
,,,,,,,Calcium,"49,8",mg,,,,Glucides,"4,5",g,,,,,,,,,,,,,,,,,,,,
,,,,,,,Vitamines C,"2,7",mg,,,,Calcium,99,mg,,,,,,,,,,,,,,,,,,,,
Semoule,50,g,Semoule,Épicerie,"Portez à ébullition autant d'eau que de semoule, puis versez cette eau bouillante sur la semoule, dans un saladier, et mélangez bien à la fourchette. Couvrez le tout 5 minutes, le temps que la semoule gonfle, puis enlevez le couvercle et mélangez bien à la fourchette. Ajoutez l'huile et assaisonnez, puis mélangez de nouveau. Servez bien chaud.",N'hésitez pas à rajouter des raisins secs ou des oignons caramélisés dans la semoule !,Calories,"209,75",kcal,,,,Vitamines C,"0,5",mg,,,,,,,,,,,,,,,,,,,,
,"0,25",c. à s.,Huile d'olive,Épicerie,,,Protéines,"5,45",g,,1 Poire,150 g,Calories,75,kcal,,,,,,,,,,,,,,,,,,,,
,,,Sel & Poivre,Épicerie,,,Lipides,"4,375",g,,,,Protéines,"0,735",g,,,,,,,,,,,,,,,,,,,,
,,,,,,,Glucides,"35,8",g,,,,Lipides,"0,405",g,,,,,,,,,,,,,,,,,,,,
,,,,,,,Calcium,"8,546375",mg,,,,Glucides,"16,35",g,,,,,,,,,,,,,,,,,,,,
,,,,,,,Vitamines C,0,mg,,,,Calcium,"9,69",mg,,,,,,,,,,,,,,,,,,,,
Pad thaï,50,g,Nouilles,Épicerie,"Faites chauffer une grosse poêle, et ajoutez l'huile, le poulet, les épices et assaisonnez. Faites cuire pendant 4 à 5 minutes. Ajoutez les œufs battus en omelette et mélangez bien. Enlevez le tout et mettre dans un plat. 

Faites revenir dans de l'huile l'ail, les oignons et le vinaigre pendant 2 minutes. Faites cuire les pâtes dans l'eau bouillante, puis ajoutez-les dans cette sauce. Ajoutez les amandes coupées en petits morceaux, le poulet et les légumes au tout et bien mélangez. Servez bien chaud.

Option végétarienne : Vous pouvez retirer le poulet et le remplacer par des pois chiches.",N'hésitez pas à ajouter des tranches de citron et du basilic sur le plat après la cuisson !,Calories,"564,808375",kcal,,,,Vitamines C,"6,93",mg,,,,,,,,,,,,,,,,,,,,
,"0,5",c. à s.,Huile d'olive,Épicerie,,,Protéines,"31,1479325",g,,Raisins secs,100 g,Calories,283,kcal,,,,,,,,,,,,,,,,,,,,
,50,g,Poulet,Boucherie,,,Lipides,"26,82002",g,,,,Protéines,"2,09",g,,,,,,,,,,,,,,,,,,,,
,"0,5",,Œufs,Épicerie,,,Glucides,"44,221975",g,,,,Lipides,"0,49",g,,,,,,,,,,,,,,,,,,,,
,"0,5",,Gousses d'ail,Primeur ou producteur,,,Calcium,"121,53175",mg,,,,Glucides,"62,4",g,,,,,,,,,,,,,,,,,,,,
,"0,25",c. à c.,Piment d'Espelette,Épicerie,,,Vitamines C,"4,44525",mg,,,,Calcium,"63,8",mg,,,,,,,,,,,,,,,,,,,,
,"0,5",c. à c.,Paprika,Épicerie,,,,,,,,,Vitamines C,"3,47",mg,,,,,,,,,,,,,,,,,,,,
,25,g,Amandes,Primeur ou producteur,,,,,,,Flocons d'avoine,100 g,Calories,367,kcal,,,,,,,,,,,,,,,,,,,,
,25,g,Pousses de soja,Primeur ou producteur,,,,,,,,,Protéines,"13,3",g,,,,,,,,,,,,,,,,,,,,
,"0,5",,Oignons,Primeur ou producteur,,,,,,,,,Lipides,"6,51",g,,,,,,,,,,,,,,,,,,,,
,"0,5",c. à s.,Vinaigre blanc,Épicerie,,,,,,,,,Glucides,"57,9",g,,,,,,,,,,,,,,,,,,,,
,,,Sel & Poivre,Épicerie,,,,,,,,,Calcium,"84,3",mg,,,,,,,,,,,,,,,,,,,,
Salade verte,50,g,Salade verte,Primeur ou producteur,"Mélangez l'huile d'olive, le vinaigre et la moutarde ensemble, puis mélangez cette vinaigrette avec la salade dans un saladier, assaisonnez et servez.","N'hésitez pas à ajouter des garnitures locales (noix, noisette, raisins secs, etc.. ...) !",Calories,"80,20666669",kcal,,,,Vitamines C,0,mg,,,,,,,,,,,,,,,,,,,,
,"0,5",c. à s.,Huile d'olive,Épicerie,,,Protéines,"0,6594999989",g,,Roquette,100 g,Calories,"27,9",kcal,,,,,,,,,,,,,,,,,,,,
,"0,1666666667",c. à s.,Vinaigre,Épicerie,,,Lipides,"7,787999998",g,,,,Protéines,"2,58",g,,,,,,,,,,,,,,,,,,,,
,"0,3333333333",c. à c.,Moutarde,Épicerie,,,Glucides,"1,481600012",g,,,,Lipides,"0,66",g,,,,,,,,,,,,,,,,,,,,
,,,Sel & Poivre,Épicerie,,,Calcium,"20,01874999",mg,,,,Glucides,"2,1",g,,,,,,,,,,,,,,,,,,,,
,,,,,,,Vitamines C,"0,9926666668",mg,,,,Calcium,160,mg,,,,,,,,,,,,,,,,,,,,
Salade de fraises,100,g,Fraises,Primeur ou producteur,"Lavez les fraises, équeutez-les et coupez-les en quartiers. Placez-les dans un saladier, et ajoutez le citron et la cassonnade, puis mélangez bien et laissez reposer au frais au moins une bonne heure. Servez bien frais.","N'hésitez pas à rajouter de la menthe ciselée, des amandes ou des pistaches concassées en fonction de ce que vous avez localement !",Calories,"66,08",kcal,,,,Vitamines C,15,mg,,,,,,,,,,,,,,,,,,,,
,"0,5",c. à s.,Cassonnade,Épicerie,,,Protéines,"0,908",g,,1 c. à s. Câpres,10 g,Calories,"2,3",kcal,,,,,,,,,,,,,,,,,,,,
,"0,25",,Citrons,Primeur ou producteur,,,Lipides,"0,39",g,,,,Protéines,"0,225",g,,,,,,,,,,,,,,,,,,,,
,,,,,,,Glucides,"11,925",g,,,,Lipides,"0,086",g,,,,,,,,,,,,,,,,,,,,
,,,,,,,Calcium,"21,36",mg,,,,Glucides,"0,35",g,,,,,,,,,,,,,,,,,,,,
,,,,,,,Vitamines C,"82,7",mg,,,,Calcium,4,mg,,,,,,,,,,,,,,,,,,,,
Brochettes de fruits,250,g,Fruits de saison,Primeur ou producteur,"Lavez les fruits, épluchez ceux qui doivent être épluchés, et coupez-les en morceaux de taille moyenne, puis mettez-les sur la pique à brochettes, en alternant les fruits. Aspergez-les de jus de citron pour ne pas qu'ils noircissent et gardez-les au frais.",N'hésitez pas à verser un peu de chocolat fondu sur les brochettes !,Calories,"201,884",kcal,,,,Vitamines C,"0,43",mg,,,,,,,,,,,,,,,,,,,,
,"0,2",,Citrons,Primeur ou producteur,,,Protéines,"1,0766",g,,Pain ronds,200 g,Calories,562,kcal,,,,,,,,,,,,,,,,,,,,
,1,,Piques à brochettes,Épicerie,,,Lipides,"1,043",g,,,,Protéines,"16,44",g,,,,,,,,,,,,,,,,,,,,
,,,,,,,Glucides,"41,344",g,,,,Lipides,"3,96",g,,,,,,,,,,,,,,,,,,,,
,,,,,,,Calcium,"21,978",mg,,,,Glucides,"110,2",g,,,,,,,,,,,,,,,,,,,,
,,,,,,,Vitamines C,"34,115",mg,,,,Calcium,"62,4",mg,,,,,,,,,,,,,,,,,,,,
Salade de fruits,250,g,Fruits de saison,Primeur ou producteur,"Lavez les fruits, épluchez ceux qui doivent être épluchés, et coupez-les en morceaux de taille moyenne, puis mettez-les tous dans un grand saladier. Aspergez-les de jus de citron et ajoutez la cassonnade, mélangez bien et gardez-les au frais.",N'hésitez pas à ajouter des herbes ou des fruits secs dans votre salade !,Calories,"223,68",kcal,,,,Vitamines C,0,mg,,,,,,,,,,,,,,,,,,,,
,"0,25",,Citrons,Primeur ou producteur,,,Protéines,"1,133",g,,Grain de maïs spécial pop-corn,100 g,Calories,417,kcal,,,,,,,,,,,,,,,,,,,,
,"0,5",c. à s.,Cassonnade,Épicerie,,,Lipides,"1,085",g,,,,Protéines,"10,5",g,,,,,,,,,,,,,,,,,,,,
,,,,,,,Glucides,"46,385",g,,,,Lipides,"12,3",g,,,,,,,,,,,,,,,,,,,,
,,,,,,,Calcium,"26,95",mg,,,,Glucides,"59,7",g,,,,,,,,,,,,,,,,,,,,
,,,,,,,Vitamines C,"37,175",mg,,,,Calcium,7,mg,,,,,,,,,,,,,,,,,,,,
Fondue au chocolat,50,g,Chocolat,Épicerie,"Épluchez les fruits et coupez-les en tranche, et mettez-les dans un grand saladier. 

Dans une marmite, faites fondre le chocolat avec le beurre et la crème, et mélangeant bien pour que le mélange soit bien lisse.

Servez la préparation de chocolat au milieu de la table, les jeunes se servant eux-mêmes en fruit et les trempant dans le chocolat.","N'hésitez pas à ajouter de la cannelle, de la vanille ou des noisettes dans le chocolat !",Calories,"460,5",kcal,,,,Vitamines C,0,mg,,,,,,,,,,,,,,,,,,,,
,50,ml,Crème fraîche épaisse,Épicerie,,,Protéines,"4,9885",g,,1 Blanc d'oeuf,30 g,Calories,"14,43",kcal,,,,,,,,,,,,,,,,,,,,
,5,g,Beurre,Épicerie,,,Lipides,"37,375",g,,,,Protéines,"3,24",g,,,,,,,,,,,,,,,,,,,,
,150,g,Fruits de saison,Primeur ou producteur,,,Glucides,"24,0725",g,,,,Lipides,"0,057",g,,,,,,,,,,,,,,,,,,,,
,,,,,,,Calcium,"105,37",mg,,,,Glucides,"0,255",g,,,,,,,,,,,,,,,,,,,,
,,,,,,,Vitamines C,"0,33",mg,,,,Calcium,"1,8",mg,,,,,,,,,,,,,,,,,,,,
Oranges rôties,1,,Oranges,Primeur ou producteur,"Lavez les oranges et prélevez les zestes en les taillant en julienne. Faites-les cuire dans de l'eau bouillante 2 minutes, puis égouttez-les. Remettez les zestes dans la casserole, ajoutez la cassonnade et autant d'eau que sucre. Faites cuire 20 minutes à feu doux. Laissez-le tout refroidir.

Pelez les oranges à vif, mettez-les dans un plat et arrosez-les avec un peu d’eau, couvrez et mettez sur le feu pendant une petite demi-heure.

Disposez les oranges dans des coupelles, parsemez de zestes d’orange et arrosez de sirop. Servez tiède ou froid.",N'hésitez pas à rajouter de la cannelle ou des épices dans la préparation des zestes avant la cuisson !,Calories,"80,375",kcal,,,,Vitamines C,0,mg,,,,,,,,,,,,,,,,,,,,
,25,g,Cassonnade,Épicerie,,,Protéines,"1,653",g,,1 feuille de gélatine,2 g,Calories,"6,96",kcal,,,,,,,,,,,,,,,,,,,,
,,,,,,,Lipides,"0,54",g,,,,Protéines,"1,738",g,,,,,,,,,,,,,,,,,,,,
,,,,,,,Glucides,"14,3075",g,,,,Lipides,"0,002",g,,,,,,,,,,,,,,,,,,,,
,,,,,,,Calcium,"46,625",mg,,,,Glucides,0,g,,,,,,,,,,,,,,,,,,,,
,,,,,,,Vitamines C,"85,5",mg,,,,Calcium,"5,6",mg,,,,,,,,,,,,,,,,,,,,
Pommes rôties,1,,Pommes,Primeur ou producteur,"Lavez les pommes et prélevez le trognon de toutes les pommes. Mettez-les dans un plat et arrosez-les avec un peu d’eau et avec la cassonnade, couvrez et mettez sur le feu pendant une petite demi-heure. Servez bien chaud.",N'hésitez pas à rajouter de la cannelle ou des épices sur les pommes avant la cuisson !,Calories,"84,625",kcal,,,,Vitamines C,0,mg,,,,,,,,,,,,,,,,,,,,
,25,g,Cassonnade,Épicerie,,,Protéines,"0,703",g,,1 c. à s. Ketchup,15 g,Calories,"14,85",kcal,,,,,,,,,,,,,,,,,,,,
,,,,,,,Lipides,"0,7",g,,,,Protéines,"0,1905",g,,,,,,,,,,,,,,,,,,,,
,,,,,,,Glucides,"18,1075",g,,,,Lipides,"0,0285",g,,,,,,,,,,,,,,,,,,,,
,,,,,,,Calcium,"6,975",mg,,,,Glucides,"3,21",g,,,,,,,,,,,,,,,,,,,,
,,,,,,,Vitamines C,"4,858",mg,,,,Calcium,"3,21",mg,,,,,,,,,,,,,,,,,,,,
Poêlée de fruits aux épices et aux herbes,150,g,Fruits de saison,Primeur ou producteur,"Épluchez et coupez-les fruits en morceaux, puis, dans une poêle, faites-les cuire avec les épices, la cannelle et le sucre, pendant une quinzaine de minutes. Servez chaud.","N'hésitez pas à ajouter des garnitures locales et de saisons (fruits secs, épices ou herbes différentes, etc.. ...) !",Calories,"57,83",kcal,,,,Vitamines C,"1,428",mg,,,,,,,,,,,,,,,,,,,,
,1,brins,Romarin,Épicerie,,,Protéines,"0,4907",g,,Mascarpone,100 g,Calories,355,kcal,,,,,,,,,,,,,,,,,,,,
,"0,5",c. à c.,Cannelle,Épicerie,,,Lipides,"0,6972",g,,,,Protéines,"4,38",g,,,,,,,,,,,,,,,,,,,,
,10,g,Sucre,Épicerie,,,Glucides,"11,281",g,,,,Lipides,39,g,,,,,,,,,,,,,,,,,,,,
,"0,5",c. à c.,Épices à pain d'épice,Épicerie,,,Calcium,"46,539",mg,,,,Glucides,4,g,,,,,,,,,,,,,,,,,,,,
,,,,,,,Vitamines C,"2,2457",mg,,,,Calcium,130,mg,,,,,,,,,,,,,,,,,,,,
Crumble de fruits,200,g,Fruits de saison,Primeur ou producteur,"Lavez et épluchez les fruits qui en ont besoin, et coupez-les en morceaux de taille moyenne. Mélangez dans un saladier la farine, le sucre et le beurre ramolli jusqu'à obtenir une pâte homogène.

Mettez tous les fruits dans un plat, puis dispersez la pâte sur les fruits de façon homogène. Couvrez, et mettez-le plat sur les braises ou le feu durant 20 bonnes minutes, jusqu'à ce que la pâte soit cuite.",N'hésitez pas à ajouter des épices ou des fruits secs dans votre mélange de fruits !,Calories,"187,4833337",kcal,,,,Vitamines C,0,mg,,,,,,,,,,,,,,,,,,,,
,"16,66666667",g,Farine,Épicerie,,,Protéines,"1,640333337",g,,1 Biscuit à la cuiller,10 g,Calories,"38,8",kcal,,,,,,,,,,,,,,,,,,,,
,"16,66666667",g,Cassonnade,Épicerie,,,Lipides,"13,55833336",g,,,,Protéines,"0,798",g,,,,,,,,,,,,,,,,,,,,
,"16,66666667",g,Beurre,Épicerie,,,Glucides,"14,36000003",g,,,,Lipides,"0,377",g,,,,,,,,,,,,,,,,,,,,
,,,,,,,Calcium,"7,350000015",mg,,,,Glucides,"7,99",g,,,,,,,,,,,,,,,,,,,,
,,,,,,,Vitamines C,0,mg,,,,Calcium,"2,55",mg,,,,,,,,,,,,,,,,,,,,
Clafoutis aux fruits,100,g,Fruits de saison,Primeur ou producteur,"Épluchez et coupez-les fruits en petits morceaux. Placez-les dans un plat et saupoudrez-les de la moitié du sucre.

Dans un saladier, mélangez les œufs, la farine, le reste du sucre, le lait et la crème liquide, puis versez cette pâte sur les fruits. Couvrez le plat et mettez-le dans les braises pendant une grosse demi-heure. Enlevez-le du feu lorsque la pâte est bien cuite. Servez chaud.",N'hésitez pas à ajouter des fruits secs dans le clafoutis !,Calories,"396,825",kcal,,,,Vitamines C,0,mg,,,,,,,,,,,,,,,,,,,,
,5,g,Beurre,Épicerie,,,Protéines,"12,37975",g,,1 brin de Thym,15 g,Calories,"28,5",kcal,,,,,,,,,,,,,,,,,,,,
,25,ml ,Crème liquide,Épicerie,,,Lipides,"14,427375",g,,,,Protéines,"0,911",g,,,,,,,,,,,,,,,,,,,,
,"37,5",ml ,Lait,Épicerie,,,Glucides,"51,76575",g,,,,Lipides,"0,743",g,,,,,,,,,,,,,,,,,,,,
,1,,Œufs,Épicerie,,,Calcium,"121,61",mg,,,,Glucides,"2,69",g,,,,,,,,,,,,,,,,,,,,
,"31,25",g,Farine,Épicerie,,,Vitamines C,"0,64625",mg,,,,Calcium,189,mg,,,,,,,,,,,,,,,,,,,,
,25,g,Sucre,Épicerie,,,,,,,,,Vitamines C,5,mg,,,,,,,,,,,,,,,,,,,,
Tarte tatin cuite au feu,20,g,Cassonnade,Épicerie,"Faites fondre le beurre dans une casserole, puis ajoutez le sucre, et laissez cuire doucement 5 minutes sans mélanger pour que le caramel se forme.

Épluchez les pommes, enlevez les trognons et coupez-les en morceaux de taille moyenne. Ajoutez les dans la poêle avec le caramel, puis recouvrez-les de pâte brisée.

Couvrez le tout, puis mettez la poêle sur le feu une grosse vingtaine de minutes. Enlevez du feu lorsque la pâte est cuite, et servez chaud.

",N'hésitez pas à rajouter de la vanille ou de la cannelle dans les pommes avant la cuisson !,Calories,"381,38",kcal,,,,,,,,,,,,,,,,,,,,,,,,,,
,10,g,Beurre,Épicerie,,,Protéines,"3,6194",g,,,,,,,,,,,,,,,,,,,,,,,,,,
,2,,Pommes,Primeur ou producteur,,,Lipides,"17,25",g,,,,,,,,,,,,,,,,,,,,,,,,,,
,"0,2",,Pâtes brisées,Épicerie,,,Glucides,"50,797",g,,,,,,,,,,,,,,,,,,,,,,,,,,
,,,,,,,Calcium,"13,3",mg,,,,,,,,,,,,,,,,,,,,,,,,,,
,,,,,,,Vitamines C,"9,716",mg,,,,,,,,,,,,,,,,,,,,,,,,,,
Pain perdu,2,tranches,Pain rassis,Boulangerie,"Dans un saladier, battez les œufs avec le lait et le sucre. Trempez les tartines dans le mélange, sans les laisser trop longtemps, puis faites-les cuire dans une poêle avec le beurre fondu, jusqu'à ce que les tartines soient grillées. Servez chaud.","N'hésitez pas à rajouter de la garniture sur les pains perdus après la cuisson (pâte à tartiner, beurre de cacahuètes, confitures, etc.. ...) !",Calories,"290,516537",kcal,,,,,,,,,,,,,,,,,,,,,,,,,,
,25,ml ,Lait,Épicerie,,,Protéines,"9,42949996",g,,,,,,,,,,,,,,,,,,,,,,,,,,
,"0,5",,Œufs,Épicerie,,,Lipides,"10,269",g,,,,,,,,,,,,,,,,,,,,,,,,,,
,5,g,Cassonnade,Épicerie,,,Glucides,"39,1551343",g,,,,,,,,,,,,,,,,,,,,,,,,,,
,5,g,Beurre,Épicerie,,,Calcium,"112,376639",mg,,,,,,,,,,,,,,,,,,,,,,,,,,
,,,,,,,Vitamines C,"0,25",mg,,,,,,,,,,,,,,,,,,,,,,,,,,
Semoule au lait,200,ml ,Lait,Épicerie,"Faites bouillir le lait, ajoutez le sucre et la semoule en remuant bien pendant 5 minutes jusqu'à épaississement du mélange.

Versez l'ensemble dans un saladier et faites refroidir le tout. Servez froid.",N'hésitez pas à changer le sucre par du miel et à ajouter des fruits secs dans le mélange !,Calories,"222,65",kcal,,,,,,,,,,,,,,,,,,,,,,,,,,
,20,g,Semoule,Épicerie,,,Protéines,"8,74",g,,,,,,,,,,,,,,,,,,,,,,,,,,
,15,g,Sucre,Épicerie,,,Lipides,"3,39",g,,,,,,,,,,,,,,,,,,,,,,,,,,
,,,,,,,Glucides,"38,915",g,,,,,,,,,,,,,,,,,,,,,,,,,,
,,,,,,,Calcium,"235,9335",mg,,,,,,,,,,,,,,,,,,,,,,,,,,
,,,,,,,Vitamines C,"2,78",mg,,,,,,,,,,,,,,,,,,,,,,,,,,
Crème dessert fait-maison,10,g,Maïzena,Épicerie,"Mélangez la maïzena, le cacao, le sucre et diluer avec un quart du lait froid dans un saladier.

Mélangez dans une casserole le lait restant et la crème liquide puis ajouter la préparation précédente. Faites bouillir et mélangez sans cesse jusqu'à épaississement.

Sortez la casserole du feu, ajoutez le chocolat en morceaux et mélangez jusqu'à ce qu'il fonde. Versez la crème dans des pots, et laissez refroidir en plaçant au frais 1 heure minimum.","N'hésitez pas à changer de goût pour vos crèmes dessert : vanille, caramel, fruit rouges !",Calories,"501,26",kcal,,,,,,,,,,,,,,,,,,,,,,,,,,
,1,c. à s.,Cacao en poudre,Épicerie,,,Protéines,"11,944",g,,,,,,,,,,,,,,,,,,,,,,,,,,
,20,g,Sucre,Épicerie,,,Lipides,"22,973",g,,,,,,,,,,,,,,,,,,,,,,,,,,
,200,ml ,Lait,Épicerie,,,Glucides,"55,448",g,,,,,,,,,,,,,,,,,,,,,,,,,,
,50,ml ,Crème liquide,Épicerie,,,Calcium,"333,638",mg,,,,,,,,,,,,,,,,,,,,,,,,,,
,30,g,Chocolat noir,Épicerie,,,Vitamines C,"3,118",mg,,,,,,,,,,,,,,,,,,,,,,,,,,
Gâteau de semoule,"31,25",g,Semoule,Épicerie,"Faites bouillir le lait, avec le sucre, puis jetez la semoule en pluie dans le lait en mélangeant 5 minutes, le temps que la semoule gonfle.

Sortez la casserole hors du feu, et ajoutez les œufs en mélangeant bien, puis mettez-le tout dans un plat, couvrez et mettez dans les braises une petite demi-heure. Servez bien chaud.
",N'hésitez pas à changer le sucre par du miel et à ajouter des fruits secs dans la préparation !,Calories,"424,75",kcal,,,,,,,,,,,,,,,,,,,,,,,,,,
,250,ml ,Lait,Épicerie,,,Protéines,"17,35975",g,,,,,,,,,,,,,,,,,,,,,,,,,,
,25,g,Sucre,Épicerie,,,Lipides,"12,764125",g,,,,,,,,,,,,,,,,,,,,,,,,,,
,"0,75",,Œufs,Épicerie,,,Glucides,"59,499",g,,,,,,,,,,,,,,,,,,,,,,,,,,
,5,g,Beurre,Épicerie,,,Calcium,"331,68375",mg,,,,,,,,,,,,,,,,,,,,,,,,,,
,,,,,,,Vitamines C,"3,475",mg,,,,,,,,,,,,,,,,,,,,,,,,,,
Marbré fait-maison,30,g,Beurre,Épicerie,"Mélangez le sucre et le beurre ramolli, puis ajoutez les jaunes d'œufs, le lait, la farine et la levure, puis mélangez bien.

Battez les blancs d'œufs en neige, et incorporez-les à la pâte. Séparez la moitié de la pâte dans un autre saladier, et mélanger cette moitié au cacao.

Dans un moule beurré, versez les deux pâtes en les alternant, puis couvrez, et mettez dans les braises pendant une grosse demi-heure. ",N'hésitez pas à parfumer la pâte nature avec de la vanille ou de la cannelle !,Calories,"647,1376667",kcal,,,,,,,,,,,,,,,,,,,,,,,,,,
,50,g,Sucre,Épicerie,,,Protéines,"10,78086667",g,,,,,,,,,,,,,,,,,,,,,,,,,,
,"22,5",ml ,Lait,Épicerie,,,Lipides,"29,76738334",g,,,,,,,,,,,,,,,,,,,,,,,,,,
,40,g,Farine,Épicerie,,,Glucides,"82,67763333",g,,,,,,,,,,,,,,,,,,,,,,,,,,
,"0,6666666667",,Œufs,Épicerie,,,Calcium,"227,1983336",mg,,,,,,,,,,,,,,,,,,,,,,,,,,
,"0,6",c. à s.,Cacao en poudre,Épicerie,,,Vitamines C,"0,33675",mg,,,,,,,,,,,,,,,,,,,,,,,,,,
,"0,1666666667",sachets,Levure chimique,Épicerie,,,,,,,,,,,,,,,,,,,,,,,,,,,,,,,
Tiramisu,"0,5",,Œufs,Épicerie,"Séparez les jaunes des blancs d'œufs, puis mélangez les jaunes avec la cassonnade, puis ajoutez le mascarpone et mélangez bien.

Montez les blancs en neige, et incorporez-les doucement au mélange précédemment. 

Trempez les biscuits rapidement dans le café, puis placez la moitié de ceux-ci au fond d'un plat, puis versez la moitié de la préparation à base d'œufs et de mascarpone, puis de nouveau les biscuits et la crème, et saupoudrez de cacao. Mettez le tout au frais pendant au moins 2 heures, et servez bien frais.",N'hésitez pas à modifier les biscuits à la cuillère avec des spéculos !,Calories,"320,1666665",kcal,,,,,,,,,,,,,,,,,,,,,,,,,,
,"12,5",g,Cassonnade,Épicerie,,,Protéines,"3,275833331",g,,,,,,,,,,,,,,,,,,,,,,,,,,
,"31,25",g,Mascarpone,Épicerie,,,Lipides,"19,17999999",g,,,,,,,,,,,,,,,,,,,,,,,,,,
,3,,Biscuits à la cuillère,Épicerie,,,Glucides,"31,69583332",g,,,,,,,,,,,,,,,,,,,,,,,,,,
,"62,5",ml ,Café noir ,Épicerie,,,Calcium,"55,22333329",mg,,,,,,,,,,,,,,,,,,,,,,,,,,
,"0,4",c. à s.,Cacao en poudre,Épicerie,,,Vitamines C,"6,983333333",mg,,,,,,,,,,,,,,,,,,,,,,,,,,
Poires au chocolat,1,,Poires,Primeur ou producteur,"Épluchez les poires. Mettez-les dans un plat, couvrez et mettez-les dans les braises pendant une dizaine de minutes.

Dans une casserole, faites fondre le beurre et le chocolat.

Lorsque les poires sont cuites, trempez-les dans le chocolat et servez directement.",N'hésitez pas à prendre d'autres fruits locaux et de saison !,Calories,"245,125",kcal,,,,,,,,,,,,,,,,,,,,,,,,,,
,"33,33333333",g,Chocolat noir,Épicerie,,,Protéines,"10,37125",g,,,,,,,,,,,,,,,,,,,,,,,,,,
,"8,333333333",g,Beurre,Épicerie,,,Lipides,"5,257125",g,,,,,,,,,,,,,,,,,,,,,,,,,,
,,,,,,,Glucides,"38,281",g,,,,,,,,,,,,,,,,,,,,,,,,,,
,,,,,,,Calcium,"186,3275",mg,,,,,,,,,,,,,,,,,,,,,,,,,,
,,,,,,,Vitamines C,"2,17125",mg,,,,,,,,,,,,,,,,,,,,,,,,,,
Rice pudding,"31,25",g,Riz,Épicerie,"Faites bouillir le lait et mettez-le riz dedans pendant une vingtaine de minutes, pour que le lait soit entièrement absorbé.

A la fin de la cuisson, ajoutez les œufs battus et les raisins, puis versez le tout dans un plat, couvrez et mettez-le tout sur le feu pendant une dizaine de minutes. Servez chaud.",N'hésitez pas à ajouter du miel ou des fruits à coques dans le pudding après cuisson du riz dans le lait !,Calories,"266,19",kcal,,,,,,,,,,,,,,,,,,,,,,,,,,
,"0,5",,Œufs,Épicerie,,,Protéines,"13,5212",g,,,,,,,,,,,,,,,,,,,,,,,,,,
,"12,5",g,Raisins secs,Épicerie,,,Lipides,"6,529",g,,,,,,,,,,,,,,,,,,,,,,,,,,
,125,ml ,Lait,Épicerie,,,Glucides,"36,181",g,,,,,,,,,,,,,,,,,,,,,,,,,,
,,,,,,,Calcium,"324,55",mg,,,,,,,,,,,,,,,,,,,,,,,,,,
,,,,,,,Vitamines C,"3,475",mg,,,,,,,,,,,,,,,,,,,,,,,,,,
Porridge,40,g,Flocons d'avoine,Épicerie,"Faites bouillir le lait, ajoutez les flocons d'avoine et remuez bien. Laissez mijoter 15 minutes, ajoutez le sucre en fin de cuisson et servez bien chaud;","N'hésitez pas à rajouter des garnitures multiples (fruits secs, miel, confiture, fruits, etc. ...) !",Calories,"266,19",kcal,,,,,,,,,,,,,,,,,,,,,,,,,,
,250,ml ,Lait,Épicerie,,,Protéines,"13,5212",g,,,,,,,,,,,,,,,,,,,,,,,,,,
,10,g,Cassonnade,Épicerie,,,Lipides,"6,529",g,,,,,,,,,,,,,,,,,,,,,,,,,,
,,,,,,,Glucides,"36,181",g,,,,,,,,,,,,,,,,,,,,,,,,,,
,,,,,,,Calcium,"324,55",mg,,,,,,,,,,,,,,,,,,,,,,,,,,
,,,,,,,Vitamines C,"3,475",mg,,,,,,,,,,,,,,,,,,,,,,,,,,
Mousse au chocolat,"0,75",,Œufs,Épicerie,"Séparez les blancs et les jaunes d'œufs, et faites fondre le chocolat. Hors du feu, mélangez les jaunes, le sucre et le chocolat, et battez les blancs en neige, puis ajoutez-les au mélange chocolaté. Mettez le tout dans un grand saladier, et laissez-le au frais pendant au moins 2 heures.",N'hésitez pas à servir la mousse au chocolat avec des framboises ou des fruits rouges !,Calories,"241,15",kcal,,,,,,,,,,,,,,,,,,,,,,,,,,
,25,g,Chocolat noir,Épicerie,,,Protéines,"7,5725",g,,,,,,,,,,,,,,,,,,,,,,,,,,
,10,g,Sucre,Épicerie,,,Lipides,"13,4735",g,,,,,,,,,,,,,,,,,,,,,,,,,,
,,,,,,,Glucides,"21,5665",g,,,,,,,,,,,,,,,,,,,,,,,,,,
,,,,,,,Calcium,"67,929",mg,,,,,,,,,,,,,,,,,,,,,,,,,,
,,,,,,,Vitamines C,"0,04",mg,,,,,,,,,,,,,,,,,,,,,,,,,,
Chaussons aux fruits,"0,25",,Pâtes brisées,Épicerie,"Lavez les fruits et épluchez-les si nécessaire, puis coupez-les en petits morceaux. Faites-les revenir avec le beurre dans une casserole. Coupez la pâte brisée en cercle d'un peu plus de 10 centimètres de diamètre.

Dans chaque cercle, mettez les fruits cuits sur une moitié, et refermez les chaussons, puis badigeonnez-les d'œuf battu. 

Mettez-les dans un plat, couvrez le plat et mettez-le dans les braises pour 15 minutes",N'hésitez pas à faire vous-même votre pâte brisée et y ajouter des épices !,Calories,246,kcal,,,,,,,,,,,,,,,,,,,,,,,,,,
,50,g,Fruits de saison,Primeur ou producteur,,,Protéines,"4,6185",g,,,,,,,,,,,,,,,,,,,,,,,,,,
,"0,25",,Œufs,Épicerie,,,Lipides,"15,2495",g,,,,,,,,,,,,,,,,,,,,,,,,,,
,5,g,Beurre,Épicerie,,,Glucides,"21,868",g,,,,,,,,,,,,,,,,,,,,,,,,,,
,,,,,,,Calcium,"12,44",mg,,,,,,,,,,,,,,,,,,,,,,,,,,
,,,,,,,Vitamines C,0,mg,,,,,,,,,,,,,,,,,,,,,,,,,,
Sandwich aux courgettes et aux aubergines,"0,5",,Baguettes de pain,Boulangerie,"Faites légèrement grillé le pain sur le feu.

Coupez les différents légumes en fines tranches, assaisonnez-les et dans une poêle huilée (voire sur le feu directement), faites-les bien griller 5 minutes en les retournant fréquemment. 

Dans un bol ou un saladier à côté, mélangez le fromage de chèvre, un peu d'huile d'olive, et assaisonnez.

Procédez alors au montage du sandwich : sur le pain légèrement grillé, mettez d'abord le fromage frais, les légumes et enfin la roquette, puis refermez le tout.",N'hésitez pas à utiliser du pain de campagne ou du pain aux céréales !,Calories,"569,295",kcal,,,,,,,,,,,,,,,,,,,,,,,,,,
,"0,25",,Aubergines,Primeur ou producteur,,,Protéines,"20,8065",g,,,,,,,,,,,,,,,,,,,,,,,,,,
,"0,5",,Courgettes,Primeur ou producteur,,,Lipides,"19,988",g,,,,,,,,,,,,,,,,,,,,,,,,,,
,25,g,Fromage de chèvre frais,Fromagerie,,,Glucides,"71,8975",g,,,,,,,,,,,,,,,,,,,,,,,,,,
,"0,5",c. à s.,Huile d'olive,Épicerie,,,Calcium,"286,84275",mg,,,,,,,,,,,,,,,,,,,,,,,,,,
,5,g,Roquette,Primeur ou producteur,,,Vitamines C,"30,45",mg,,,,,,,,,,,,,,,,,,,,,,,,,,
,,,Sel & Poivre,Épicerie,,,,,,,,,,,,,,,,,,,,,,,,,,,,,,,
"Sandwich tomates-capres
","0,5",,Baguettes de pain,Boulangerie,"Faites légèrement grillé le pain sur le feu.

Coupez très finement les câpres, et mélangez-les à la moutarde, l'huile d'olive, le vinaigre, puis assaisonnez.

Coupez en tranches les tomates et le fromage de chèvre.

Procédez alors au montage du sandwich : sur le pain légèrement grillé, mettez d'abord la sauce aux câpres, les tomates et enfin le fromage de chèvre, puis refermez le tout.",Vous pouvez rajouter du thon ou des anchois dans le sandwich !,Calories,"560,62",kcal,,,,,,,,,,,,,,,,,,,,,,,,,,
,"0,5",,Tomates,Primeur ou producteur,,,Protéines,"19,431",g,,,,,,,,,,,,,,,,,,,,,,,,,,
,25,g,Fromage de chèvre,Fromagerie,,,Lipides,"20,455",g,,,,,,,,,,,,,,,,,,,,,,,,,,
,1,c. à c.,Moutarde,Épicerie,,,Glucides,"71,4248",g,,,,,,,,,,,,,,,,,,,,,,,,,,
,"0,5",c. à s.,Huile d'olive,Épicerie,,,Calcium,"263,54075",mg,,,,,,,,,,,,,,,,,,,,,,,,,,
,1,c. à s.,Câpres,Épicerie,,,Vitamines C,"14,483",mg,,,,,,,,,,,,,,,,,,,,,,,,,,
,"0,5",c. à c.,Vinaigre balsamique,Épicerie,,,,,,,,,,,,,,,,,,,,,,,,,,,,,,,
Sandwich chèvre-miel & herbes,"0,5",,Baguettes de pain,Boulangerie,"Faites légèrement grillé le pain sur le feu.

Coupez en tranches le fromage de chèvre. Hachez finement la menthe.

Procédez alors au montage du sandwich : sur le pain légèrement grillé, mettez d'abord le fromage de chèvre, le miel et enfin les herbes hachées, puis refermez le tout.",Vous pouvez rajouter du poulet ou des herbes locales !,Calories,"636,305",kcal,,,,,,,,,,,,,,,,,,,,,,,,,,
,50,g,Fromage de chèvre frais,Fromagerie,,,Protéines,"27,42333",g,,,,,,,,,,,,,,,,,,,,,,,,,,
,"0,5",c. à s.,Miel,Épicerie,,,Lipides,"21,7982",g,,,,,,,,,,,,,,,,,,,,,,,,,,
,1,tiges,Menthe,Épicerie,,,Glucides,"77,526",g,,,,,,,,,,,,,,,,,,,,,,,,,,
,1,branches,Thym,Épicerie,,,Calcium,"695,37975",mg,,,,,,,,,,,,,,,,,,,,,,,,,,
,5,g,Roquette,Primeur ou producteur,,,Vitamines C,"14,7035",mg,,,,,,,,,,,,,,,,,,,,,,,,,,
,,,Sel & Poivre,Épicerie,,,,,,,,,,,,,,,,,,,,,,,,,,,,,,,
Sandwich jambon-beurre,"0,5",,Baguettes de pain,Boulangerie,"Coupez le pain en deux, puis tartinez-le de beurre, et enfin disposez-y le jambon blanc, et refermez le tout.",N'hésitez pas à rajouter du fromage local dans le sandwich !,Calories,456,kcal,,,,,,,,,,,,,,,,,,,,,,,,,,
,1,tranches,Jambon blanc,Boucherie,,,Protéines,"15,8895",g,,,,,,,,,,,,,,,,,,,,,,,,,,
,10,g,Beurre,Épicerie,,,Lipides,"12,055",g,,,,,,,,,,,,,,,,,,,,,,,,,,
,,,,,,,Glucides,"67,9975",g,,,,,,,,,,,,,,,,,,,,,,,,,,
,,,,,,,Calcium,"30,34",mg,,,,,,,,,,,,,,,,,,,,,,,,,,
,,,,,,,Vitamines C,"22,2",mg,,,,,,,,,,,,,,,,,,,,,,,,,,
Sandwich jambon-fromage,"0,5",,Baguettes de pain,Boulangerie,"Faites légèrement grillé le pain sur le feu.

Coupez en tranches le fromage.

Procédez alors au montage du sandwich : sur le pain légèrement grillé, mettez d'abord le fromage, le jambon et enfin la salade, puis refermez le tout.",N'hésitez pas à utiliser du jambon sec et à ajouter des garnitures locales !,Calories,"613,25",kcal,,,,,,,,,,,,,,,,,,,,,,,,,,
,"62,5",g,Fromage local,Fromagerie,,,Protéines,"33,37983",g,,,,,,,,,,,,,,,,,,,,,,,,,,
,1,tranches,Jambon blanc,Boucherie,,,Lipides,"21,8842",g,,,,,,,,,,,,,,,,,,,,,,,,,,
,5,g,Roquette,Primeur ou producteur,,,Glucides,"68,136",g,,,,,,,,,,,,,,,,,,,,,,,,,,
,,,,,,,Calcium,"640,51",mg,,,,,,,,,,,,,,,,,,,,,,,,,,
,,,,,,,Vitamines C,"22,516",mg,,,,,,,,,,,,,,,,,,,,,,,,,,
Sandwich poulet-moutarde,"0,5",,Baguettes de pain,Boulangerie,"Faites légèrement grillé le pain sur le feu.

Coupez en tranches le fromage et les tomates. Coupez le poulet en petits morceaux, et faites-le revenir dans une poêle avec un peu d'huile. Assaisonnez.

Procédez alors au montage du sandwich : sur le pain légèrement grillé, mettez d'abord la moutarde, le fromage, le poulet et enfin les tomates, puis refermez le tout.","Vous pouvez remplacer la moutarde par de la mayonnaise, et rajouter des garnitures locales !",Calories,"566,07",kcal,,,,,,,,,,,,,,,,,,,,,,,,,,
,50,g,Poulet,Boucherie,,,Protéines,"33,1577",g,,,,,,,,,,,,,,,,,,,,,,,,,,
,"0,5",,Tomates,Primeur ou producteur,,,Lipides,"15,707",g,,,,,,,,,,,,,,,,,,,,,,,,,,
,25,g,Fromage local,Fromagerie,,,Glucides,"69,7398",g,,,,,,,,,,,,,,,,,,,,,,,,,,
,1,c. à c.,Moutarde,Épicerie,,,Calcium,"285,544375",mg,,,,,,,,,,,,,,,,,,,,,,,,,,
,"0,25",c. à s.,Huile d'olive,Épicerie,,,Vitamines C,"14,143",mg,,,,,,,,,,,,,,,,,,,,,,,,,,
,,,Sel & Poivre,Épicerie,,,,,,,,,,,,,,,,,,,,,,,,,,,,,,,
Sandwich estival,"0,5",,Baguettes de pain,Boulangerie,"Faites légèrement grillé le pain sur le feu.

Coupez en tranches le fromage. Coupez les légumes en fines lamelles, et faites-les revenir dans une poêle avec un peu d'huile. Assaisonnez et ajoutez les herbes de Provence.

Procédez alors au montage du sandwich : sur le pain légèrement grillé, mettez d'abord le fromage de chèvre, les légumes, puis refermez le tout.",N'hésitez pas à rajouter des fruits secs ou à coques locaux dans le mélange de légumes !,Calories,"582,545",kcal,,,,,,,,,,,,,,,,,,,,,,,,,,
,"0,5",,Poivrons,Primeur ou producteur,,,Protéines,"20,5",g,,,,,,,,,,,,,,,,,,,,,,,,,,
,"0,25",,Oignons,Primeur ou producteur,,,Lipides,"20,2905",g,,,,,,,,,,,,,,,,,,,,,,,,,,
,"0,25",,Courgettes,Primeur ou producteur,,,Glucides,"74,93875",g,,,,,,,,,,,,,,,,,,,,,,,,,,
,25,g,Fromage de chèvre frais,Fromagerie,,,Calcium,"302,69775",mg,,,,,,,,,,,,,,,,,,,,,,,,,,
,"0,5",c. à c.,Herbes de Provence,Épicerie,,,Vitamines C,"138,71",mg,,,,,,,,,,,,,,,,,,,,,,,,,,
,"0,5",c. à s.,Huile d'olive,Épicerie,,,,,,,,,,,,,,,,,,,,,,,,,,,,,,,
,,,Sel & Poivre,Épicerie,,,,,,,,,,,,,,,,,,,,,,,,,,,,,,,
Sandwich thon tomate,"0,5",,Baguettes de pain,Boulangerie,"Faites légèrement grillé le pain sur le feu.

Coupez en tranches les tomates. Coupez le thon en petits morceaux, et faites-le revenir dans une poêle avec un peu d'huile. Assaisonnez.

Procédez alors au montage du sandwich : sur le pain légèrement grillé, mettez d'abord la mayonnaise, les tomates, le thon, la salade, puis refermez le tout.",N'hésitez pas à faire votre propre mayonnaise !,Calories,"555,325",kcal,,,,,,,,,,,,,,,,,,,,,,,,,,
,"0,5",,Tomates,Primeur ou producteur,,,Protéines,"23,27",g,,,,,,,,,,,,,,,,,,,,,,,,,,
,50,g,Thon,Poissonnerie,,,Lipides,"19,09",g,,,,,,,,,,,,,,,,,,,,,,,,,,
,"0,5",c. à s.,Mayonnaise,Épicerie,,,Glucides,"69,1515",g,,,,,,,,,,,,,,,,,,,,,,,,,,
,5,g,Salade verte,Primeur ou producteur,,,Calcium,"41,19775",mg,,,,,,,,,,,,,,,,,,,,,,,,,,
 ,"0,5",c. à s.,Huile d'olive,Épicerie,,,Vitamines C,"14,82",mg,,,,,,,,,,,,,,,,,,,,,,,,,,
,,,Sel & Poivre,Épicerie,,,,,,,,,,,,,,,,,,,,,,,,,,,,,,,
Club sandwich,3,tranches,Pain de mie,Boulangerie,"Faites légèrement grillé le pain sur le feu.

Coupez en tranches les tomates. Coupez le poulet en petits morceaux, et faites-le revenir dans une poêle avec un peu d'huile. Assaisonnez. Faites bouillir de l'eau et laissez-y les œufs 10 minutes. Refroidissez-les, enlevez leur coquille et coupez-les tranches.

Procédez alors au montage du sandwich : sur une première tranche de pain légèrement grillé, mettez d'abord la mayonnaise, les tomates, le poulet, puis une deuxième tranche de pain, la moutarde, les œufs, la salade, puis refermez le tout avec la dernière tranche de pain.

Option végétarienne : Vous pouvez retirer le poulet et le remplacer par du tofu ou des légumes.",N'hésitez pas à faire votre propre mayonnaise et à ajouter des garnitures locales !,Calories,"589,395",kcal,,,,,,,,,,,,,,,,,,,,,,,,,,
,50,g,Poulet,Boucherie,,,Protéines,"31,2082",g,,,,,,,,,,,,,,,,,,,,,,,,,,
,"0,5",,Tomates,Primeur ou producteur,,,Lipides,"25,2925",g,,,,,,,,,,,,,,,,,,,,,,,,,,
,1,,Œufs,Épicerie,,,Glucides,"55,7633",g,,,,,,,,,,,,,,,,,,,,,,,,,,
,5,g,Salade verte,Primeur ou producteur,,,Calcium,"193,15575",mg,,,,,,,,,,,,,,,,,,,,,,,,,,
,"0,5",c. à s.,Mayonnaise,Épicerie,,,Vitamines C,"7,903",mg,,,,,,,,,,,,,,,,,,,,,,,,,,
,1,c. à c.,Moutarde,Épicerie,,,,,,,,,,,,,,,,,,,,,,,,,,,,,,,
,"0,5",c. à s.,Huile d'olive,Épicerie,,,,,,,,,,,,,,,,,,,,,,,,,,,,,,,
,,,Sel & Poivre,Épicerie,,,,,,,,,,,,,,,,,,,,,,,,,,,,,,,
Pan bagnat simplifié,1,,Pains ronds,Boulangerie,"Faites légèrement grillé le pain coupé en deux sur le feu.

Coupez les tomates en tranches et les oignons en très fines lamelles. Faites cuire le thon dans une poêle, assaisonnez, puis émiettez-le. Faites bouillir de l'eau puis mettez-y les œufs pendant 10 minutes. Enlevez leur coquille et coupez-les en tranches.

Sur les deux faces du pain, mettez de l'huile d'olive et du vinaigre, puis en partant du bas, disposez les tomates, les oignons crus, le thon émietté, les œufs et refermez le sandwich.","N'hésitez pas à rajouter des anchois, des radis, des olives noires et des févettes pour se rapprocher de la version originale !",Calories,"792,7",kcal,,,,,,,,,,,,,,,,,,,,,,,,,,
,"0,5",,Tomates,Primeur ou producteur,,,Protéines,"35,02165",g,,,,,,,,,,,,,,,,,,,,,,,,,,
,50,g,Thon,Poissonnerie,,,Lipides,"18,957",g,,,,,,,,,,,,,,,,,,,,,,,,,,
,"0,25",,Oignons,Primeur ou producteur,,,Glucides,"114,76275",g,,,,,,,,,,,,,,,,,,,,,,,,,,
,"0,75",,Œufs,Épicerie,,,Calcium,"120,12275",mg,,,,,,,,,,,,,,,,,,,,,,,,,,
,"0,5",c. à s.,Huile d'olive,Épicerie,,,Vitamines C,"9,915",mg,,,,,,,,,,,,,,,,,,,,,,,,,,
,"0,25",c. à s.,Vinaigre,Épicerie,,,,,,,,,,,,,,,,,,,,,,,,,,,,,,,
,,,Sel & Poivre,Épicerie,,,,,,,,,,,,,,,,,,,,,,,,,,,,,,,
Bahn Mi,"0,5",,Baguettes de pain,Boulangerie,"Faites légèrement grillé le pain sur le feu.

Râpez les carottes et le concombre ou coupez-les en fines lamelles, et mélangez-les au vinaigre. Faites revenir le filet mignon dans un poêle à feu vif pendant 5 minutes, puis couvrez et laissez cuire doucement une bonne demi-heure. Coupez le filet mignon en lamelles, puis faites-les revenir 2 minutes avec la sauce soja et le miel et assaisonnez. Hachez la coriandre.

Dans le pain, disposez la mayonnaise, les légumes, la viande puis la coriandre sur le dessus, et refermez le tout.

Option végétarienne : Vous pouvez retirer le porc, et le remplacer par des pousses de soja.",,Calories,"510,142",kcal,,,,,,,,,,,,,,,,,,,,,,,,,,
,"0,5",c. à s.,Mayonnaise,Épicerie,,,Protéines,"16,55145",g,,,,,,,,,,,,,,,,,,,,,,,,,,
,"0,1",bouquets,Coriandre fraîche,Épicerie,,,Lipides,"12,499",g,,,,,,,,,,,,,,,,,,,,,,,,,,
,"0,5",,Carottes,Primeur ou producteur,,,Glucides,"78,5018",g,,,,,,,,,,,,,,,,,,,,,,,,,,
,"0,25",,Concombres,Primeur ou producteur,,,Calcium,"70,76275",mg,,,,,,,,,,,,,,,,,,,,,,,,,,
,"0,25",c. à s.,Vinaigre,Épicerie,,,Vitamines C,"17,815",mg,,,,,,,,,,,,,,,,,,,,,,,,,,
,"0,25",,Filets mignon de porc,Boucherie,,,,,,,,,,,,,,,,,,,,,,,,,,,,,,,
,"0,25",c. à s.,Sauce soja,Épicerie,,,,,,,,,,,,,,,,,,,,,,,,,,,,,,,
,"0,5",c. à s.,Miel,Épicerie,,,,,,,,,,,,,,,,,,,,,,,,,,,,,,,
,,,Sel & Poivre,Épicerie,,,,,,,,,,,,,,,,,,,,,,,,,,,,,,,
Wraps au thon,1,,Galettes de blé,Épicerie,"Coupez le thon en morceaux, puis faites-le revenir à la poêle avec l'huile d'olive et assaisonnez. Faites bouillir de l'eau, puis plongez-y les œufs pendant 10 minutes. Sortez-les et enlevez les coquilles, puis coupez-les en tranches.

Dans le wrap ouvert, mettez-y la mayonnaise, la salade, les œufs puis le thon, puis enroulez le tout.
",N'hésitez pas à faire vous-même votre mayonnaise !,Calories,"377,523",kcal,,,,,,,,,,,,,,,,,,,,,,,,,,
,5,g,Salade verte,Primeur ou producteur,,,Protéines,"19,53335",g,,,,,,,,,,,,,,,,,,,,,,,,,,
,1,c. à s.,Mayonnaise,Épicerie,,,Lipides,"25,30433",g,,,,,,,,,,,,,,,,,,,,,,,,,,
,"0,5",,Œufs,Épicerie,,,Glucides,"16,9896",g,,,,,,,,,,,,,,,,,,,,,,,,,,
,50,g,Thon,Poissonnerie,,,Calcium,"49,08055",mg,,,,,,,,,,,,,,,,,,,,,,,,,,
,"0,5",c. à s.,Huile d'olive,Épicerie,,,Vitamines C,"13,4503",mg,,,,,,,,,,,,,,,,,,,,,,,,,,
,,,Sel & Poivre,Épicerie,,,,,,,,,,,,,,,,,,,,,,,,,,,,,,,
Wraps au poulet,1,,Galettes de blé,Épicerie,"Mélangez la crème fraîche et le fromage de chèvre. Coupez le poulet en morceaux, puis faites-le revenir à la poêle avec l'huile d'olive et les épices, puis assaisonnez.

Dans le wrap ouvert, mettez-y le mélange de fromage, la salade puis le poulet, puis enroulez le tout.
",N'hésitez pas à rajouter des épices lorsque vous faites cuire le poulet !,Calories,"428,67075",kcal,,,,,,,,,,,,,,,,,,,,,,,,,,
,5,g,Salade verte,Primeur ou producteur,,,Protéines,"40,547365",g,,,,,,,,,,,,,,,,,,,,,,,,,,
,"7,5",ml,Crème fraîche épaisse,Épicerie,,,Lipides,"21,33587",g,,,,,,,,,,,,,,,,,,,,,,,,,,
,100,g,Poulet,Boucherie,,,Glucides,"17,953",g,,,,,,,,,,,,,,,,,,,,,,,,,,
,25,g,Fromage de chèvre frais,Fromagerie,,,Calcium,"257,10105",mg,,,,,,,,,,,,,,,,,,,,,,,,,,
,"0,5",c. à s.,Huile d'olive,Épicerie,,,Vitamines C,"14,2003",mg,,,,,,,,,,,,,,,,,,,,,,,,,,
,"0,5",c. à c.,Épices chili,Épicerie,,,,,,,,,,,,,,,,,,,,,,,,,,,,,,,
,,,Sel & Poivre,Épicerie,,,,,,,,,,,,,,,,,,,,,,,,,,,,,,,
Salade dent de lion,50,g,Dent-de-lion ou salade verte,Primeur ou producteur,"Préparez la vinaigrette en mélangeant l'huile, le vinaigre et la moutarde et assaisonnez.

Dans une poêle, sans matière grasse, faites revenir les lardons jusqu'à ce qu'ils soient bien grillés. Râpez le parmesan. Faites bouillir de l'eau salée, puis plongez-y les œufs pendant 3 minutes, puis sortez-les directement et enlevez leurs coquilles. Lavez la salade. Mélangez le tout, sauf les œufs et servez la salade avec un œuf par personne en plus.

Option végétarienne : Vous pouvez retirer les lardons et les remplacer par des oignons cuits.",N'hésitez pas à utiliser du fromage local plutôt que du parmesan !,Calories,"618,31",kcal,,,,,,,,,,,,,,,,,,,,,,,,,,
,100,g,Lardons fumés,Boucherie,,,Protéines,"33,7059",g,,,,,,,,,,,,,,,,,,,,,,,,,,
,1,,Œufs,Épicerie,,,Lipides,"52,101",g,,,,,,,,,,,,,,,,,,,,,,,,,,
,25,g,Parmesan,Fromagerie,,,Glucides,"3,3269",g,,,,,,,,,,,,,,,,,,,,,,,,,,
,"0,5",c. à c.,Moutarde,Épicerie,,,Calcium,"376,2545",mg,,,,,,,,,,,,,,,,,,,,,,,,,,
,1,c. à s.,Huile d'olive,Épicerie,,,Vitamines C,"1,919",mg,,,,,,,,,,,,,,,,,,,,,,,,,,
,"0,5",c. à s.,Vinaigre,Épicerie,,,,,,,,,,,,,,,,,,,,,,,,,,,,,,,
,,,Sel & Poivre,Épicerie,,,,,,,,,,,,,,,,,,,,,,,,,,,,,,,
Pop-corn au feu,100,g,Grain de maïs spécial pop-corn,Épicerie,"Dans une casserole, faites revenir le maïs avec l'huile et couvrez une minute jusqu'à ce que tout le maïs ait éclaté, puis ajoutez le sucre, mélangez le temps qu'il caramélise, puis sortez et dégustez chaud.","N'hésitez pas à utiliser un produit sucrant plus sain que le sucre comme le miel, ou à saler vos pop-corn !",Calories,"550,4625",kcal,,,,,,,,,,,,,,,,,,,,,,,,,,
,25,g,Sucre,Épicerie,,,Protéines,"10,5",g,,,,,,,,,,,,,,,,,,,,,,,,,,
,"0,25",c. à s.,Huile neutre,Épicerie,,,Lipides,"16,04625",g,,,,,,,,,,,,,,,,,,,,,,,,,,
,,,,,,,Glucides,"84,625",g,,,,,,,,,,,,,,,,,,,,,,,,,,
,,,,,,,Calcium,"7,968625",mg,,,,,,,,,,,,,,,,,,,,,,,,,,
,,,,,,,Vitamines C,0,mg,,,,,,,,,,,,,,,,,,,,,,,,,,
Chamallows fait maison,"0,75",,Blancs d'œuf,Épicerie,"Versez dans une casserole le miel et l'eau, et portez à ébullition. A côté, battez les blancs en neige et faites tremper les feuilles de gélatine. Lorsque le sirop est chaud, mélangez-le aux feuilles de gélatine jusqu'à ce qu'elles disparaissent entièrement, puis versez le tout sur les blancs en neige, battez bien pendant une bonne dizaine de minutes et versez l'extrait de vanille. Versez le tout dans un moule puis mettez au frais au moins 2 heures.

Démoulez le tout et coupez la guimauve en petits dés.",N'hésitez pas à faire varier les goûts avec des sirops ou des épices locaux à la place de l'extrait de vanille !,Calories,"171,8925",kcal,,,,,,,,,,,,,,,,,,,,,,,,,,
,3,c. à s.,Miel,Épicerie,,,Protéines,"6,14",g,,,,,,,,,,,,,,,,,,,,,,,,,,
,25,g,Eau,,,,Lipides,"0,04675",g,,,,,,,,,,,,,,,,,,,,,,,,,,
,2,feuilles,Gélatine,Épicerie,,,Glucides,"36,77625",g,,,,,,,,,,,,,,,,,,,,,,,,,,
,,,Extrait de vanille,Épicerie,,,Calcium,"16,1185",mg,,,,,,,,,,,,,,,,,,,,,,,,,,
,,,,,,,Vitamines C,"0,36",mg,,,,,,,,,,,,,,,,,,,,,,,,,,
Salade de pomme de terre,2,,Pommes de terre,Primeur ou producteur,"Rincez puis cuisez les pommes de terre à la vapeur 15 minutes. Râpez les carottes. Émincez les oignons.

Faire bouillir de l'eau salée, puis plongez-y les œufs 10 minutes. Écaillez-les. Mélangez la crème, la mayonnaise, les herbes, le sel et le poivre.

Dans un grand saladier, coupez-les pommes de terre en 2 ou 3, parsemez d'oignons frais, d'œufs durs coupés en 4 et d'un peu de sauce. Faire jusqu'à épuisement des ingrédients. Mélangez délicatement pour ne pas écraser. Servez frais.",N'hésitez pas à rajouter des garnitures locales et à allier le sucré ou salé dans cette recette !,Calories,"676,525",kcal,,,,,,,,,,,,,,,,,,,,,,,,,,
,"0,5",,Oignons,Primeur ou producteur,,,Protéines,"16,3465",g,,,,,,,,,,,,,,,,,,,,,,,,,,
,1,,Œufs,Épicerie,,,Lipides,"48,6605",g,,,,,,,,,,,,,,,,,,,,,,,,,,
,"0,25",bouquets,Persil plat,Épicerie,,,Glucides,"38,7025",g,,,,,,,,,,,,,,,,,,,,,,,,,,
,1,c. à s.,Mayonnaise,Épicerie,,,Calcium,"227,47",mg,,,,,,,,,,,,,,,,,,,,,,,,,,
,1,c. à s.,Crème fraîche épaisse,Épicerie,,,Vitamines C,"85,55",mg,,,,,,,,,,,,,,,,,,,,,,,,,,
,,,Sel & Poivre,Épicerie,,,,,,,,,,,,,,,,,,,,,,,,,,,,,,,
Fromage local,,,,,,,Calories,"153,6",kcal,,,,,,,,,,,,,,,,,,,,,,,,,,
,,,,,,,Protéines,"11,28",g,,,,,,,,,,,,,,,,,,,,,,,,,,
,,,,,,,Lipides,"12,08",g,,,,,,,,,,,,,,,,,,,,,,,,,,
,,,,,,,Glucides,0,g,,,,,,,,,,,,,,,,,,,,,,,,,,
,,,,,,,Calcium,"359,2",mg,,,,,,,,,,,,,,,,,,,,,,,,,,
,,,,,,,Vitamines C,0,mg,,,,,,,,,,,,,,,,,,,,,,,,,,
Pâtes de fruit faits-maison,"41,66666667",g,Fruits frais locaux,Primeur ou producteur,"Coupez et épluchez les fruits, puis mettez-les dans une casserole, et faites-les cuire en mélangeant en bien. Dès qu'ils sont cuits, ajoutez l'agar-agar et une petite partie du sucre, puis mélangez de nouveau. Quand le tout est bien chaud, ajoutez le reste du sucre, enlevez du feu, mélangez bien, et verez le tout sur une plaque ou dans un moule, et faites refroidir.

Coupez en morceaux et servez.",N'hésitez pas à les faire avec différents fruits et à varier les plaisirs !,Calories,"198,3333337",kcal,,,,,,,,,,,,,,,,,,,,,,,,,,
,"41,66666667",g,Sucre,Épicerie,,,Protéines,"0,1458333345",g,,,,,,,,,,,,,,,,,,,,,,,,,,
,1,g,Agar-Agar,Épicerie,,,Lipides,"0,1458333345",g,,,,,,,,,,,,,,,,,,,,,,,,,,
,,,,,,,Glucides,"48,30833342",g,,,,,,,,,,,,,,,,,,,,,,,,,,
,,,,,,,Calcium,"4,652500026",mg,,,,,,,,,,,,,,,,,,,,,,,,,,
,,,,,,,Vitamines C,"3,645833363",mg,,,,,,,,,,,,,,,,,,,,,,,,,,
FIN,FIN,FIN,FIN,FIN,FIN,FIN,FIN,FIN,FIN,,,,,,,,,,,,,,,,,,,,,,,,,,